<?xml version="1.0" encoding="UTF-8"?>
<!DOCTYPE cesAlign PUBLIC "-//CES//DTD XML cesAlign//EN" "http://www.xces.org/dtd/xcesAlign.dtd">

<cesAlign version="1.0">
 <linkGrp targType="s" fromDoc="en/2010_10_09_world-one-day-on-earth-on-10-10-10_.xml.gz" toDoc="my/2010_10_12.xml.gz">
  <link xtargets="1.1;2.2" />
  <link xtargets="2.1;3.10 3.11" />
  <link xtargets="2.2;4.1 4.2 5.1" />
  <link xtargets="8.1;5.2" />
  <link xtargets="8.2;5.3" />
  <link xtargets="8.3;6.1" />
  <link xtargets="8.4;7.1" />
 </linkGrp>
 <linkGrp targType="s" fromDoc="en/2010_09_27_southeast-asia-blogging-about-football_.xml.gz" toDoc="my/2010_10_26.xml.gz">
  <link xtargets="1.1;1.1" />
  <link xtargets="1.2;2.1" />
  <link xtargets="1.3;2.3" />
  <link xtargets="2.1;3.1" />
  <link xtargets="3.1;4.1" />
  <link xtargets="3.2;4.2" />
  <link xtargets="4.1;5.1" />
  <link xtargets="4.2;5.3" />
  <link xtargets="4.3;6.1" />
  <link xtargets="4.4;8.1" />
  <link xtargets="4.5;9.1" />
  <link xtargets="4.6;9.2" />
  <link xtargets="4.7;9.3" />
  <link xtargets="4.8;9.4" />
  <link xtargets="4.9;9.5" />
  <link xtargets="4.10;9.7" />
  <link xtargets="4.11;9.8" />
  <link xtargets="4.12;11.1" />
  <link xtargets="4.13;11.2" />
  <link xtargets="5.1;12.2" />
  <link xtargets="5.2;12.3" />
  <link xtargets="5.3;13.1" />
  <link xtargets="5.4;13.2" />
  <link xtargets="5.5;13.3" />
  <link xtargets="5.6;13.4" />
  <link xtargets="5.7;13.5" />
  <link xtargets="5.8;13.6" />
  <link xtargets="5.9;15.1" />
  <link xtargets="5.10;15.2 15.3" />
  <link xtargets="5.11;17.2" />
  <link xtargets="6.1;17.3" />
  <link xtargets="7.1;17.4" />
  <link xtargets="7.2;18.4" />
  <link xtargets="7.3;18.6" />
  <link xtargets="7.4;18.7" />
  <link xtargets="7.5;20.1" />
  <link xtargets="7.6;20.3" />
 </linkGrp>
 <linkGrp targType="s" fromDoc="en/2010_10_16_south-asia-bloggers-discussing-water-issues_.xml.gz" toDoc="my/2010_10_45.xml.gz">
  <link xtargets="1.1;2.2" />
  <link xtargets="1.2;2.3" />
  <link xtargets="1.3;3.3" />
  <link xtargets="1.4;4.1" />
  <link xtargets="1.5;5.1" />
  <link xtargets="2.1;5.3" />
  <link xtargets="2.2;6.2" />
  <link xtargets="2.3;16.3" />
  <link xtargets="2.5;6.4" />
  <link xtargets="3.1;6.5" />
  <link xtargets="3.3;6.8" />
  <link xtargets="3.4;7.2" />
  <link xtargets="3.5;7.3" />
  <link xtargets="3.6;7.4" />
  <link xtargets="4.1 4.2;7.5" />
  <link xtargets="4.3;7.7" />
  <link xtargets="4.4;7.8" />
  <link xtargets="4.5;9.1" />
  <link xtargets="4.6;9.2" />
  <link xtargets="4.9;9.3" />
  <link xtargets="4.11;9.5" />
  <link xtargets="4.12;9.6" />
  <link xtargets="4.13;9.7" />
  <link xtargets="4.14 4.15;10.1" />
  <link xtargets="4.16;11.1" />
  <link xtargets="4.17;11.2" />
  <link xtargets="4.18;13.1" />
  <link xtargets="4.19;13.2" />
  <link xtargets="4.20;14.1" />
  <link xtargets="4.21;15.1" />
  <link xtargets="4.22;15.4" />
  <link xtargets="4.23;16.1" />
  <link xtargets="4.24;16.2" />
  <link xtargets="4.25;16.3" />
  <link xtargets="5.2;18.1" />
  <link xtargets="5.3;18.2" />
  <link xtargets="5.4;18.3" />
 </linkGrp>
 <linkGrp targType="s" fromDoc="en/2012_08_18_where-is-the-flag-of-the-republic-of-china_.xml.gz" toDoc="my/2012_08_150.xml.gz">
  <link xtargets="1.1;1.1" />
  <link xtargets="1.2;1.3" />
  <link xtargets="1.3;1.4" />
  <link xtargets="1.4;1.5" />
 </linkGrp>
 <linkGrp targType="s" fromDoc="en/2012_08_17_malaysia-government-vows-to-review-web-censorship-law-after-protest_.xml.gz" toDoc="my/2012_08_155.xml.gz">
  <link xtargets="1.1;1.2" />
  <link xtargets="1.2;1.6" />
  <link xtargets="2.1;2.3" />
  <link xtargets="3.1;2.4" />
  <link xtargets="4.1;3.1" />
  <link xtargets="5.1;5.1" />
  <link xtargets="6.1;7.1" />
  <link xtargets="7.1;8.1" />
  <link xtargets="8.1;8.2" />
  <link xtargets="9.1;9.1" />
  <link xtargets="9.2;9.3" />
  <link xtargets="10.1;10.1" />
  <link xtargets="11.1;11.1" />
  <link xtargets="11.2;11.2" />
  <link xtargets="11.3;11.3 11.4 11.5" />
  <link xtargets="11.4;11.6" />
  <link xtargets="11.5;11.7" />
  <link xtargets="11.6;11.8" />
  <link xtargets="11.7;11.9" />
  <link xtargets="11.8;11.10" />
  <link xtargets="11.9;11.11" />
  <link xtargets="11.10;11.13" />
  <link xtargets="11.11;11.15" />
  <link xtargets="11.13;11.22" />
  <link xtargets="11.15;11.27" />
  <link xtargets="11.16;11.28" />
  <link xtargets="11.17;11.29" />
  <link xtargets="11.18;11.31" />
  <link xtargets="11.19;11.32" />
 </linkGrp>
 <linkGrp targType="s" fromDoc="en/2012_08_17_ecuador-mixed-reactions-on-decision-to-grant-assange-asylum_.xml.gz" toDoc="my/2012_08_161.xml.gz">
  <link xtargets="1.1;1.2" />
  <link xtargets="1.2;1.3 1.4" />
  <link xtargets="1.3;1.5" />
  <link xtargets="1.4;1.6" />
  <link xtargets="2.1;2.1" />
  <link xtargets="3.1;3.1" />
  <link xtargets="3.2;3.2" />
  <link xtargets="3.3;3.4" />
  <link xtargets="4.1;4.1" />
  <link xtargets="5.1;5.1" />
  <link xtargets="5.2;5.2" />
  <link xtargets="5.3;5.3" />
  <link xtargets="5.4;5.5" />
  <link xtargets="5.5;5.7" />
  <link xtargets="5.6;5.8" />
  <link xtargets="6.1;6.1" />
  <link xtargets="6.2;6.2" />
 </linkGrp>
 <linkGrp targType="s" fromDoc="en/2012_08_17_cambodia-khmer-language-books-now-online_.xml.gz" toDoc="my/2012_08_167.xml.gz">
  <link xtargets="1.1;1.2" />
  <link xtargets="1.2;1.3" />
 </linkGrp>
 <linkGrp targType="s" fromDoc="en/2012_08_14_sri-lanka-time-to-rethink-the-school-examination-system_.xml.gz" toDoc="my/2012_08_215.xml.gz">
  <link xtargets="1.1;1.2" />
  <link xtargets="1.2;1.3" />
 </linkGrp>
 <linkGrp targType="s" fromDoc="en/2012_08_17_vietnam-unpublished-letter-of-ho-chi-minh_.xml.gz" toDoc="my/2012_08_218.xml.gz">
  <link xtargets="1.1 1.2;1.3" />
 </linkGrp>
 <linkGrp targType="s" fromDoc="en/2012_08_21_history-of-cambodian-comics_.xml.gz" toDoc="my/2012_08_221.xml.gz">
  <link xtargets="1.1;1.1" />
  <link xtargets="1.2;2.1" />
 </linkGrp>
 <linkGrp targType="s" fromDoc="en/2012_08_21_vietnam-human-rights-lawyer-attacked_.xml.gz" toDoc="my/2012_08_224.xml.gz">
  <link xtargets="1.1;1.1 1.2" />
  <link xtargets="1.2;1.3 1.4" />
  <link xtargets="1.3;1.5" />
 </linkGrp>
 <linkGrp targType="s" fromDoc="en/2012_08_20_cuba-dealing-with-dengue_.xml.gz" toDoc="my/2012_08_227.xml.gz">
  <link xtargets="1.1;1.2" />
  <link xtargets="1.2;1.3" />
 </linkGrp>
 <linkGrp targType="s" fromDoc="en/2012_08_17_cambodia-promoting-lgbt-rights_.xml.gz" toDoc="my/2012_08_230.xml.gz">
  <link xtargets="1.1;1.2" />
  <link xtargets="1.2;1.3" />
 </linkGrp>
 <linkGrp targType="s" fromDoc="en/2012_08_14_bhutan-women-talents-galore_.xml.gz" toDoc="my/2012_08_237.xml.gz">
  <link xtargets="1.1;1.2" />
  <link xtargets="1.3;1.3" />
  <link xtargets="1.5;1.7" />
 </linkGrp>
 <linkGrp targType="s" fromDoc="en/2012_08_21_graffitis-that-stir-awareness-in-times-of-crisis_.xml.gz" toDoc="my/2012_08_250.xml.gz">
  <link xtargets="1.1;1.1" />
  <link xtargets="1.2;1.2" />
  <link xtargets="1.3;1.3" />
  <link xtargets="1.4;1.4" />
  <link xtargets="2.1;2.2" />
  <link xtargets="2.2;2.3" />
  <link xtargets="2.3;2.4 2.5" />
  <link xtargets="3.1;3.1" />
  <link xtargets="4.1;4.1" />
  <link xtargets="4.2;4.2" />
  <link xtargets="5.1;5.1" />
  <link xtargets="6.1;6.1" />
  <link xtargets="6.2;6.2" />
  <link xtargets="7.1;7.1" />
  <link xtargets="8.1;8.1 8.2 8.3" />
  <link xtargets="9.1;9.1" />
  <link xtargets="9.2;9.2 9.3" />
  <link xtargets="9.3;9.4" />
  <link xtargets="11.1;11.1" />
  <link xtargets="13.1;13.1" />
  <link xtargets="14.1;14.1" />
  <link xtargets="15.1;15.1" />
  <link xtargets="16.1;16.1" />
  <link xtargets="16.2;16.2" />
  <link xtargets="16.3;16.3" />
  <link xtargets="17.1;17.2" />
  <link xtargets="18.1;18.2" />
  <link xtargets="19.1;19.3" />
  <link xtargets="19.2;19.6" />
 </linkGrp>
 <linkGrp targType="s" fromDoc="en/2012_08_16_uganda-anonymous-backs-gay-pride-hacks-government-websites_.xml.gz" toDoc="my/2012_08_256.xml.gz">
  <link xtargets="1.1;1.2 1.3" />
  <link xtargets="1.2;1.4 1.5" />
  <link xtargets="2.1;2.1" />
  <link xtargets="3.1;3.1" />
  <link xtargets="3.2;3.2" />
  <link xtargets="5.1;4.1" />
  <link xtargets="6.1;5.1" />
  <link xtargets="7.1;6.1" />
  <link xtargets="7.2;6.2" />
  <link xtargets="8.1;7.1" />
  <link xtargets="8.2;7.2" />
  <link xtargets="9.1;8.2" />
  <link xtargets="9.2;8.4" />
  <link xtargets="10.1;9.1" />
  <link xtargets="11.1;10.1" />
  <link xtargets="12.1;11.2" />
  <link xtargets="12.2;11.3 11.4 11.5" />
  <link xtargets="12.3;11.6" />
  <link xtargets="13.1;12.1" />
  <link xtargets="13.2;12.2" />
  <link xtargets="13.3;12.3" />
  <link xtargets="13.4;12.4" />
  <link xtargets="13.5;12.6" />
  <link xtargets="13.6;12.7" />
  <link xtargets="13.7;12.8" />
  <link xtargets="13.8;12.9" />
  <link xtargets="13.9;12.10" />
  <link xtargets="13.10;12.11" />
  <link xtargets="13.11 13.12;12.12" />
  <link xtargets="13.13;12.13" />
  <link xtargets="14.1;12.14" />
  <link xtargets="14.2;13.1" />
  <link xtargets="14.3;13.2" />
  <link xtargets="14.4;13.3 13.4 13.5" />
  <link xtargets="14.5;13.6" />
  <link xtargets="14.6;13.7" />
  <link xtargets="14.7;13.8" />
  <link xtargets="14.8;13.10" />
  <link xtargets="14.9;13.11" />
  <link xtargets="14.10;13.13" />
  <link xtargets="14.11;13.14" />
  <link xtargets="14.12;13.15" />
 </linkGrp>
 <linkGrp targType="s" fromDoc="en/2012_08_25_philippines-list-of-national-roads_.xml.gz" toDoc="my/2012_08_281.xml.gz">
  <link xtargets="1.1;1.3" />
  <link xtargets="1.2 1.3;1.4" />
 </linkGrp>
 <linkGrp targType="s" fromDoc="en/2012_08_25_niger-floods-leave-thousands-homeless-in-niamey_.xml.gz" toDoc="my/2012_08_284.xml.gz">
  <link xtargets="1.1;1.2" />
  <link xtargets="1.2;2.1" />
  <link xtargets="2.1;3.2 3.3" />
  <link xtargets="2.2;3.5" />
 </linkGrp>
 <linkGrp targType="s" fromDoc="en/2012_08_24_chessmaster-gary-kasparovs-arrest-during-pussy-riot-trial_.xml.gz" toDoc="my/2012_08_290.xml.gz">
  <link xtargets="1.1;1.1" />
  <link xtargets="1.2;1.2" />
  <link xtargets="2.1;2.3" />
  <link xtargets="2.2 2.3;3.1" />
  <link xtargets="3.1;3.2" />
  <link xtargets="3.2;3.3" />
  <link xtargets="3.3;3.4" />
  <link xtargets="3.4;3.5" />
  <link xtargets="3.5;3.6 3.7" />
  <link xtargets="3.6;3.8" />
  <link xtargets="3.7;3.9" />
  <link xtargets="3.8;3.11" />
  <link xtargets="3.9;3.12" />
  <link xtargets="4.1;3.13" />
  <link xtargets="4.2;3.14" />
  <link xtargets="4.3;3.15" />
  <link xtargets="4.4;3.16" />
  <link xtargets="4.5;3.17" />
  <link xtargets="4.6;3.18" />
  <link xtargets="4.7;3.21" />
  <link xtargets="5.1;3.22" />
  <link xtargets="6.1;3.23" />
  <link xtargets="6.2 6.3;3.25" />
  <link xtargets="6.4;3.29" />
  <link xtargets="6.5;3.30" />
  <link xtargets="6.6;3.31" />
  <link xtargets="6.7;3.32" />
  <link xtargets="6.8;3.40" />
  <link xtargets="6.10;3.43" />
 </linkGrp>
 <linkGrp targType="s" fromDoc="en/2012_08_20_south-korea-controversial-launch-of-online-music-video-rating_.xml.gz" toDoc="my/2012_09_211.xml.gz">
  <link xtargets="1.1;1.2" />
  <link xtargets="1.2;1.3" />
  <link xtargets="1.3;1.4" />
  <link xtargets="1.4;1.5" />
  <link xtargets="2.1;2.1" />
  <link xtargets="2.2;2.3" />
  <link xtargets="3.1;3.1" />
  <link xtargets="4.1;5.2" />
  <link xtargets="4.2;5.3" />
  <link xtargets="5.1;6.1" />
  <link xtargets="5.2;6.2" />
  <link xtargets="6.1;7.2" />
  <link xtargets="7.1;8.1" />
  <link xtargets="7.2;8.2" />
  <link xtargets="7.3;8.3" />
 </linkGrp>
 <linkGrp targType="s" fromDoc="en/2012_08_19_india-the-assam-riots-truth-vs-hype_.xml.gz" toDoc="my/2012_09_314.xml.gz">
  <link xtargets="1.1;1.1" />
  <link xtargets="1.2;1.2" />
  <link xtargets="1.3;1.4" />
  <link xtargets="2.1;2.1" />
  <link xtargets="3.1;2.2" />
  <link xtargets="3.2;4.2" />
  <link xtargets="3.3;4.3" />
  <link xtargets="4.1;4.4 5.1" />
  <link xtargets="4.2;5.2 5.3 5.4" />
  <link xtargets="4.3;5.5" />
  <link xtargets="4.4;5.6" />
  <link xtargets="4.5;5.7 5.8 5.9" />
  <link xtargets="4.6;5.10" />
  <link xtargets="4.7;5.11 5.12" />
  <link xtargets="4.8;5.13" />
  <link xtargets="4.9;5.14" />
  <link xtargets="5.1;5.16" />
  <link xtargets="5.2;6.1" />
  <link xtargets="5.3;6.2" />
  <link xtargets="5.4;6.5" />
  <link xtargets="5.5;6.6" />
  <link xtargets="5.6;6.7" />
  <link xtargets="5.7;6.9" />
  <link xtargets="5.8;6.10" />
  <link xtargets="5.9;6.11" />
  <link xtargets="5.10;6.13" />
  <link xtargets="5.11;6.14" />
  <link xtargets="5.12;6.15 6.16" />
  <link xtargets="5.13;6.17" />
  <link xtargets="6.1;7.1" />
  <link xtargets="7.1;9.3" />
  <link xtargets="7.2;9.5" />
  <link xtargets="7.3;9.6" />
  <link xtargets="8.1;9.7" />
  <link xtargets="9.1 9.2;9.8" />
  <link xtargets="9.3;11.6" />
  <link xtargets="9.4;11.7" />
  <link xtargets="9.5;11.8 11.9" />
  <link xtargets="9.6;11.10" />
  <link xtargets="9.7;11.12" />
  <link xtargets="9.8;11.13" />
  <link xtargets="9.9;11.14" />
  <link xtargets="10.1;12.1" />
  <link xtargets="10.2;12.2" />
  <link xtargets="11.1;13.1" />
  <link xtargets="12.1;14.1" />
  <link xtargets="12.2;14.2" />
  <link xtargets="12.3;14.3" />
  <link xtargets="12.4;14.4" />
  <link xtargets="13.1;15.1" />
  <link xtargets="13.2;15.2" />
  <link xtargets="13.3;15.3" />
 </linkGrp>
 <linkGrp targType="s" fromDoc="en/2012_08_28_maritime-row-with-china-forces-philippines-to-upgrade-defenses_.xml.gz" toDoc="my/2012_09_320.xml.gz">
  <link xtargets="1.1;1.1" />
  <link xtargets="1.2;1.2" />
  <link xtargets="2.1;4.1" />
  <link xtargets="2.2;4.6" />
  <link xtargets="3.1;4.9" />
  <link xtargets="4.1;4.10" />
  <link xtargets="4.2;4.11" />
  <link xtargets="4.3;4.13" />
  <link xtargets="4.4;4.15" />
  <link xtargets="4.5;4.16" />
  <link xtargets="4.6;4.17" />
  <link xtargets="4.7;4.18" />
  <link xtargets="4.8;4.19" />
  <link xtargets="4.9;4.20" />
  <link xtargets="4.10;4.21" />
  <link xtargets="4.11;4.22" />
  <link xtargets="4.12;4.23" />
  <link xtargets="4.13;4.24" />
  <link xtargets="4.14;4.25" />
  <link xtargets="4.15;4.27" />
  <link xtargets="5.1;5.1" />
  <link xtargets="5.2;5.5" />
  <link xtargets="5.3;5.7" />
  <link xtargets="5.4;5.8" />
  <link xtargets="6.1;6.1" />
  <link xtargets="6.2;6.6" />
  <link xtargets="6.3;6.7" />
  <link xtargets="6.4;6.8" />
  <link xtargets="6.5;6.10" />
  <link xtargets="6.6;7.4" />
  <link xtargets="6.7;7.5" />
  <link xtargets="6.8 7.1;7.6" />
  <link xtargets="7.2;7.7" />
  <link xtargets="7.3 7.4;7.8" />
  <link xtargets="7.5;7.9" />
  <link xtargets="7.6;7.10" />
  <link xtargets="7.7;7.11" />
  <link xtargets="7.8;7.12" />
  <link xtargets="7.9 7.10;7.13" />
  <link xtargets="7.11;7.14" />
  <link xtargets="7.12;8.2" />
  <link xtargets="7.13;9.4" />
 </linkGrp>
 <linkGrp targType="s" fromDoc="en/2012_09_02_yemen-safe-streets-campaign-first-book_.xml.gz" toDoc="my/2012_09_327.xml.gz">
  <link xtargets="1.1;1.2" />
  <link xtargets="1.2;1.3" />
 </linkGrp>
 <linkGrp targType="s" fromDoc="en/2012_09_01_philippines-plastic-ban-map_.xml.gz" toDoc="my/2012_09_330.xml.gz">
  <link xtargets="1.1;1.1" />
  <link xtargets="1.2;1.3" />
 </linkGrp>
 <linkGrp targType="s" fromDoc="en/2012_08_30_morocco-jail-sentence-for-ramadans-public-eater_.xml.gz" toDoc="my/2012_09_333.xml.gz">
  <link xtargets="1.1;1.2" />
  <link xtargets="1.2;1.3 1.4 1.5" />
 </linkGrp>
 <linkGrp targType="s" fromDoc="en/2012_08_30_chinese-weapons-flooding-africa_.xml.gz" toDoc="my/2012_09_336.xml.gz">
  <link xtargets="1.1;1.1" />
  <link xtargets="1.2;1.2" />
  <link xtargets="1.3;1.3" />
 </linkGrp>
 <linkGrp targType="s" fromDoc="en/2012_08_29_thailand-police-collect-wedding-fees-from-myanmar-workers_.xml.gz" toDoc="my/2012_09_339.xml.gz">
  <link xtargets="1.1;1.2" />
  <link xtargets="1.2;1.3" />
 </linkGrp>
 <linkGrp targType="s" fromDoc="en/2012_08_29_thailand-petition-to-stop-mae-wong-dam_.xml.gz" toDoc="my/2012_09_342.xml.gz">
  <link xtargets="1.1;1.1 1.2" />
  <link xtargets="1.2;1.3" />
 </linkGrp>
 <linkGrp targType="s" fromDoc="en/2012_08_30_brazil-13-year-old-exposes-school-problems-on-facebook_.xml.gz" toDoc="my/2012_09_345.xml.gz">
  <link xtargets="1.1;1.2" />
  <link xtargets="1.2;1.3" />
  <link xtargets="1.3;1.4" />
 </linkGrp>
 <linkGrp targType="s" fromDoc="en/2012_08_24_pakistan-controversial-detention-of-11-year-old-accused-of-blasphemy_.xml.gz" toDoc="my/2012_09_351.xml.gz">
  <link xtargets="1.1;1.2" />
  <link xtargets="1.2;1.3" />
  <link xtargets="1.3;2.4" />
  <link xtargets="2.1;2.5" />
  <link xtargets="2.2;3.1" />
  <link xtargets="2.3;3.3" />
  <link xtargets="3.1;4.1" />
  <link xtargets="3.2;4.2" />
  <link xtargets="4.1;4.3" />
  <link xtargets="4.2;4.5" />
  <link xtargets="4.3;5.2" />
  <link xtargets="4.4;5.3" />
  <link xtargets="5.1;5.4" />
  <link xtargets="5.2;5.5 5.6" />
  <link xtargets="5.3 6.1;6.1" />
  <link xtargets="6.2;6.4" />
  <link xtargets="6.3;6.5" />
  <link xtargets="6.4;6.8" />
  <link xtargets="6.5;6.9" />
  <link xtargets="6.6;6.13" />
  <link xtargets="6.7;6.14" />
  <link xtargets="6.8;6.15 6.16" />
  <link xtargets="6.9;6.17" />
  <link xtargets="7.1;7.2" />
  <link xtargets="7.2;7.3" />
  <link xtargets="7.3;7.5" />
  <link xtargets="7.4 7.5;7.6" />
  <link xtargets="7.6;7.7" />
  <link xtargets="7.7;7.8" />
  <link xtargets="7.9;7.13" />
  <link xtargets="7.10;7.15" />
  <link xtargets="7.11;7.16" />
  <link xtargets="7.12;7.18 7.19" />
  <link xtargets="7.13;7.20" />
  <link xtargets="7.14;7.21" />
  <link xtargets="7.15;7.25" />
  <link xtargets="7.16;7.26" />
  <link xtargets="7.17;7.27" />
  <link xtargets="7.18;7.30 7.31" />
  <link xtargets="7.19;7.32" />
  <link xtargets="7.20;7.34" />
  <link xtargets="7.21;7.38" />
  <link xtargets="7.22;7.39" />
  <link xtargets="7.23;7.41" />
  <link xtargets="7.24;7.51" />
  <link xtargets="7.25;7.54" />
  <link xtargets="7.26;7.55" />
  <link xtargets="7.27;7.56" />
  <link xtargets="8.1;8.2" />
  <link xtargets="8.2;8.4" />
  <link xtargets="8.3;8.5" />
  <link xtargets="9.1;9.1" />
  <link xtargets="9.2;9.2" />
  <link xtargets="9.3;9.3" />
  <link xtargets="10.1;10.1" />
  <link xtargets="10.2;10.2" />
  <link xtargets="10.3;10.3" />
  <link xtargets="10.4;10.4" />
  <link xtargets="10.5;10.5" />
  <link xtargets="10.6;10.6" />
  <link xtargets="10.7;10.7" />
  <link xtargets="10.8;10.13" />
 </linkGrp>
 <linkGrp targType="s" fromDoc="en/2012_08_31_philippines-facebook-photos-removed-to-mark-international-day-of-the-disappeared_.xml.gz" toDoc="my/2012_09_362.xml.gz">
  <link xtargets="1.1;1.2" />
  <link xtargets="2.1;2.1" />
  <link xtargets="3.1;3.1" />
  <link xtargets="4.2;3.2" />
  <link xtargets="5.1;5.1" />
  <link xtargets="6.1;6.1" />
  <link xtargets="7.1;7.1" />
  <link xtargets="7.2;7.2" />
  <link xtargets="8.1;10.1" />
  <link xtargets="10.1;11.1" />
  <link xtargets="11.1;12.2" />
  <link xtargets="12.1;12.3" />
  <link xtargets="12.2;12.4" />
  <link xtargets="12.3;12.5" />
  <link xtargets="12.4;12.6" />
  <link xtargets="13.1;13.1" />
  <link xtargets="14.1;14.1" />
  <link xtargets="15.1;15.1" />
 </linkGrp>
 <linkGrp targType="s" fromDoc="en/2012_08_29_bolivia-radioactive-uranium-seized-in-la-paz_.xml.gz" toDoc="my/2012_09_369.xml.gz">
  <link xtargets="1.1;1.2" />
  <link xtargets="1.2;1.3 1.4" />
  <link xtargets="2.1;2.1" />
  <link xtargets="2.2;2.2" />
  <link xtargets="2.3;3.1" />
  <link xtargets="3.1;3.2" />
  <link xtargets="3.2;4.1" />
  <link xtargets="4.1;4.2" />
  <link xtargets="4.2;4.3" />
  <link xtargets="5.1;5.1" />
  <link xtargets="5.2;5.2" />
  <link xtargets="6.1;7.1" />
 </linkGrp>
 <linkGrp targType="s" fromDoc="en/2012_08_15_is-chinas-africa-policy-failing_.xml.gz" toDoc="my/2012_09_376.xml.gz">
  <link xtargets="1.1;1.1" />
  <link xtargets="1.2;1.2" />
  <link xtargets="1.3;1.4" />
  <link xtargets="1.4;1.5" />
  <link xtargets="2.1;2.1" />
  <link xtargets="3.1;3.1" />
 </linkGrp>
 <linkGrp targType="s" fromDoc="en/2012_09_08_tajikistan-bribes-and-neckties-in-universities_.xml.gz" toDoc="my/2012_09_379.xml.gz">
  <link xtargets="1.1;1.2" />
  <link xtargets="1.2;1.3" />
  <link xtargets="1.3;1.4" />
 </linkGrp>
 <linkGrp targType="s" fromDoc="en/2012_09_08_tajikistan-xenophobia-on-facebook_.xml.gz" toDoc="my/2012_09_382.xml.gz">
  <link xtargets="1.1;1.1" />
  <link xtargets="1.2;1.2 1.3" />
  <link xtargets="1.3;1.5" />
 </linkGrp>
 <linkGrp targType="s" fromDoc="en/2012_09_08_myanmar-increase-in-insurance-buyers-due-to-natural-disasters_.xml.gz" toDoc="my/2012_09_385.xml.gz">
  <link xtargets="1.1;1.1 1.2" />
  <link xtargets="1.2;1.3" />
 </linkGrp>
 <linkGrp targType="s" fromDoc="en/2012_09_06_malaysia-discrimination-against-women-workers_.xml.gz" toDoc="my/2012_09_388.xml.gz">
  <link xtargets="1.1;1.2" />
  <link xtargets="1.2;1.3" />
  <link xtargets="1.3;1.4" />
  <link xtargets="1.4;1.5" />
 </linkGrp>
 <linkGrp targType="s" fromDoc="en/2012_09_06_japan-fukushima-women-gather-against-nuclear-power_.xml.gz" toDoc="my/2012_09_392.xml.gz">
  <link xtargets="1.1;1.2" />
  <link xtargets="1.2;1.4" />
  <link xtargets="3.1;3.1" />
  <link xtargets="3.2;3.3" />
 </linkGrp>
 <linkGrp targType="s" fromDoc="en/2012_09_07_egypt-the-tweeting-president_.xml.gz" toDoc="my/2012_09_397.xml.gz">
  <link xtargets="1.1;1.2" />
  <link xtargets="1.2;1.3" />
  <link xtargets="1.3;1.4" />
  <link xtargets="1.4;1.5" />
  <link xtargets="2.1;1.6" />
  <link xtargets="2.2;1.9" />
  <link xtargets="3.1;1.10" />
 </linkGrp>
 <linkGrp targType="s" fromDoc="en/2012_09_05_brazil-crowdsourcing-information-on-fires-in-slums_.xml.gz" toDoc="my/2012_09_400.xml.gz">
  <link xtargets="1.1;1.2" />
 </linkGrp>
 <linkGrp targType="s" fromDoc="en/2012_09_05_peru-youth-organize-aid-initiative-for-otuzco_.xml.gz" toDoc="my/2012_09_405.xml.gz">
  <link xtargets="1.1;1.2" />
  <link xtargets="1.2;1.3" />
  <link xtargets="1.3;1.4" />
 </linkGrp>
 <linkGrp targType="s" fromDoc="en/2012_09_07_self-censorship-in-hong-kong_.xml.gz" toDoc="my/2012_09_408.xml.gz">
  <link xtargets="1.1;1.1" />
  <link xtargets="1.2;1.3" />
  <link xtargets="1.3;1.4" />
 </linkGrp>
 <linkGrp targType="s" fromDoc="en/2012_09_07_hong-kong-why-is-national-education-scary_.xml.gz" toDoc="my/2012_09_412.xml.gz">
  <link xtargets="1.1;1.2" />
  <link xtargets="1.2;1.3 1.4" />
 </linkGrp>
 <linkGrp targType="s" fromDoc="en/2012_09_06_east-timor-insecticide-treated-net_.xml.gz" toDoc="my/2012_09_415.xml.gz">
  <link xtargets="1.1;1.2" />
  <link xtargets="1.2;1.3" />
  <link xtargets="1.3;2.1" />
 </linkGrp>
 <linkGrp targType="s" fromDoc="en/2012_09_06_south-korea-samsung-national-champion-or-corporate-evil_.xml.gz" toDoc="my/2012_09_418.xml.gz">
  <link xtargets="1.1;1.3 1.4" />
  <link xtargets="1.2 1.3;1.9" />
  <link xtargets="1.4;1.10" />
 </linkGrp>
 <linkGrp targType="s" fromDoc="en/2012_09_03_2012-paralympics-a-successful-start-remarkable-stories_.xml.gz" toDoc="my/2012_09_423.xml.gz">
  <link xtargets="1.1;1.3" />
  <link xtargets="1.2;1.4" />
  <link xtargets="3.1;3.2" />
  <link xtargets="4.1;4.1" />
  <link xtargets="5.1;5.1" />
 </linkGrp>
 <linkGrp targType="s" fromDoc="en/2012_09_06_iran-unveil-womens-right-to-unveil_.xml.gz" toDoc="my/2012_09_429.xml.gz">
  <link xtargets="1.1;1.2" />
  <link xtargets="1.2;1.3" />
  <link xtargets="1.3;1.4" />
  <link xtargets="2.1;2.2" />
  <link xtargets="3.1;3.1" />
  <link xtargets="3.2;3.6" />
  <link xtargets="3.3;5.1" />
  <link xtargets="3.4;6.1" />
  <link xtargets="5.1;6.2" />
  <link xtargets="6.1;6.4" />
  <link xtargets="6.3;7.1" />
  <link xtargets="7.1;7.2" />
  <link xtargets="7.2 7.3;7.3" />
  <link xtargets="7.4;7.4 7.5" />
  <link xtargets="7.5;7.8" />
  <link xtargets="7.6;7.11 7.12 7.13" />
  <link xtargets="7.7;7.14 7.15" />
  <link xtargets="7.8;7.16" />
  <link xtargets="7.9;7.17" />
  <link xtargets="7.10;7.21" />
  <link xtargets="7.12;7.24" />
  <link xtargets="8.1;8.1" />
  <link xtargets="8.2;8.2" />
  <link xtargets="8.3;8.3" />
  <link xtargets="8.4;8.4" />
  <link xtargets="8.5;8.5" />
  <link xtargets="8.6;8.8" />
  <link xtargets="8.7;8.9" />
  <link xtargets="9.1;8.10 10.1" />
  <link xtargets="9.2;10.4" />
 </linkGrp>
 <linkGrp targType="s" fromDoc="en/2012_08_30_controversial-tibet-theme-park-project-is-launched_.xml.gz" toDoc="my/2012_09_435.xml.gz">
  <link xtargets="1.1;1.1" />
  <link xtargets="1.2;1.2" />
  <link xtargets="1.3;1.3" />
  <link xtargets="2.1;1.4" />
  <link xtargets="2.2;2.3" />
  <link xtargets="3.1;3.1" />
  <link xtargets="3.2;3.2" />
  <link xtargets="4.1;4.1" />
  <link xtargets="4.2;4.2" />
 </linkGrp>
 <linkGrp targType="s" fromDoc="en/2012_09_12_libya-sorry-chris-benghazi-couldnt-protect-you_.xml.gz" toDoc="my/2012_09_460.xml.gz">
  <link xtargets="1.1;1.3" />
  <link xtargets="1.2;1.4" />
  <link xtargets="2.1;2.1" />
  <link xtargets="3.1;3.1" />
  <link xtargets="4.1;4.1" />
  <link xtargets="4.2;5.1" />
  <link xtargets="5.1;6.1" />
  <link xtargets="6.1;7.1" />
  <link xtargets="7.1;7.2" />
  <link xtargets="7.2;7.3" />
  <link xtargets="7.3;7.4 7.5 7.6" />
  <link xtargets="7.4;7.7" />
  <link xtargets="8.1;7.8" />
  <link xtargets="8.2;7.9" />
  <link xtargets="8.3;8.1" />
  <link xtargets="8.4;8.3" />
  <link xtargets="8.5;8.4" />
  <link xtargets="8.6;8.5" />
  <link xtargets="8.7;8.6" />
  <link xtargets="8.8;8.7" />
  <link xtargets="8.9;8.8" />
  <link xtargets="8.10;8.9" />
  <link xtargets="8.11;8.11" />
  <link xtargets="8.12;8.12" />
  <link xtargets="8.13 8.14;8.13" />
  <link xtargets="9.1;9.1" />
 </linkGrp>
 <linkGrp targType="s" fromDoc="en/2012_09_12_jordan-day-of-mourning-as-parliament-approves-new-restrictions-on-the-internet_.xml.gz" toDoc="my/2012_09_470.xml.gz">
  <link xtargets="1.1;1.2" />
  <link xtargets="1.2;1.3" />
  <link xtargets="1.3;1.4" />
  <link xtargets="2.1;2.1" />
  <link xtargets="3.1;2.2 3.1" />
  <link xtargets="3.2;3.4" />
  <link xtargets="4.1;4.1" />
  <link xtargets="4.2;4.2" />
  <link xtargets="4.3;4.3" />
  <link xtargets="5.1;5.1" />
  <link xtargets="6.1;6.1" />
  <link xtargets="7.1;7.1" />
  <link xtargets="7.2;7.2" />
  <link xtargets="9.1;10.1" />
  <link xtargets="10.1;11.1 11.2 11.3" />
  <link xtargets="11.1;11.4" />
  <link xtargets="12.1;13.1" />
  <link xtargets="12.2;13.2 13.3 13.4" />
  <link xtargets="12.3;13.6 13.7 13.8" />
  <link xtargets="13.1;14.1" />
  <link xtargets="13.2;14.3" />
  <link xtargets="13.3;14.5" />
  <link xtargets="13.4;14.6" />
  <link xtargets="13.5;14.9" />
  <link xtargets="13.6;14.10" />
  <link xtargets="13.7;14.11" />
  <link xtargets="13.8;14.15 14.16 14.17" />
  <link xtargets="14.1;15.3" />
  <link xtargets="15.1;16.1" />
  <link xtargets="17.1;18.1" />
  <link xtargets="18.1;20.1" />
  <link xtargets="19.2;20.5" />
  <link xtargets="20.1;21.2 21.3 21.4" />
  <link xtargets="21.1;22.1" />
 </linkGrp>
 <linkGrp targType="s" fromDoc="en/2012_09_15_japan-imagining-future-japanese-korean-relations-with-free-hugs_.xml.gz" toDoc="my/2012_10_476.xml.gz">
  <link xtargets="1.1;1.2" />
  <link xtargets="1.2;1.4" />
  <link xtargets="1.3;1.5" />
  <link xtargets="1.4;1.7" />
  <link xtargets="2.1;2.2" />
  <link xtargets="2.2;2.3" />
  <link xtargets="3.1;3.1" />
  <link xtargets="4.1;4.1" />
  <link xtargets="4.2;4.2" />
 </linkGrp>
 <linkGrp targType="s" fromDoc="en/2012_10_11_cambodia-life-under-the-khmer-rouge-regime_.xml.gz" toDoc="my/2012_10_492.xml.gz">
  <link xtargets="1.1;1.1 1.2" />
  <link xtargets="1.2;1.3" />
  <link xtargets="1.3;1.5" />
  <link xtargets="1.4;1.6" />
  <link xtargets="1.5;1.7" />
  <link xtargets="2.1;2.1" />
 </linkGrp>
 <linkGrp targType="s" fromDoc="en/2012_10_13_ghana-obstacles-to-the-advancement-of-women_.xml.gz" toDoc="my/2012_10_496.xml.gz">
  <link xtargets="1.1;1.2" />
  <link xtargets="1.3;1.8 1.9" />
  <link xtargets="1.4;1.10" />
 </linkGrp>
 <linkGrp targType="s" fromDoc="en/2012_10_15_china-cross-province-news-censorship_.xml.gz" toDoc="my/2012_10_499.xml.gz">
  <link xtargets="1.1;1.1 1.2" />
  <link xtargets="1.2;1.3" />
 </linkGrp>
 <linkGrp targType="s" fromDoc="en/2012_10_15_hong-kong-a-fight-between-dogs-and-locusts_.xml.gz" toDoc="my/2012_10_503.xml.gz">
  <link xtargets="1.1;1.1 1.2" />
  <link xtargets="1.2;1.3" />
  <link xtargets="1.3;1.4" />
 </linkGrp>
 <linkGrp targType="s" fromDoc="en/2012_10_15_china-is-mo-yan-a-stooge-for-the-chinese-government_.xml.gz" toDoc="my/2012_10_506.xml.gz">
  <link xtargets="1.1;1.2" />
  <link xtargets="1.3;1.7" />
 </linkGrp>
 <linkGrp targType="s" fromDoc="en/2012_10_13_maldives-the-assassination-of-a-lawmaker_.xml.gz" toDoc="my/2012_10_509.xml.gz">
  <link xtargets="1.1;1.2" />
  <link xtargets="1.2;1.3" />
 </linkGrp>
 <linkGrp targType="s" fromDoc="en/2012_10_12_bolivian-politicians-turned-gangnam-style_.xml.gz" toDoc="my/2012_10_512.xml.gz">
  <link xtargets="1.1;1.1" />
  <link xtargets="2.1;2.1" />
  <link xtargets="3.1;3.1" />
 </linkGrp>
 <linkGrp targType="s" fromDoc="en/2012_10_15_jamaica-whos-a-minority_.xml.gz" toDoc="my/2012_10_517.xml.gz">
  <link xtargets="1.1;1.3" />
  <link xtargets="1.2;1.4" />
 </linkGrp>
 <linkGrp targType="s" fromDoc="en/2012_11_02_tajikistan-halloween-is-not-for-patriots_.xml.gz" toDoc="my/2012_11_523.xml.gz">
  <link xtargets="1.1;1.1" />
  <link xtargets="1.2;1.2" />
  <link xtargets="1.3;1.4" />
  <link xtargets="2.1;2.1" />
  <link xtargets="3.1;3.1" />
  <link xtargets="3.2;3.3" />
  <link xtargets="3.3;3.4" />
  <link xtargets="3.4 3.5;3.5" />
  <link xtargets="3.6;3.6" />
  <link xtargets="3.7;3.10" />
  <link xtargets="3.8;3.11" />
  <link xtargets="4.1;4.1" />
  <link xtargets="4.2;4.2" />
  <link xtargets="4.3;4.3" />
  <link xtargets="4.4;4.4" />
  <link xtargets="4.5;4.5" />
  <link xtargets="4.6;4.6" />
  <link xtargets="5.1;5.1" />
  <link xtargets="5.2;5.2" />
  <link xtargets="5.3;5.3" />
  <link xtargets="5.4;5.4 5.5" />
  <link xtargets="5.5;5.6" />
  <link xtargets="5.6;5.7" />
  <link xtargets="5.7;5.8" />
  <link xtargets="5.8;5.9" />
  <link xtargets="5.9;5.11" />
  <link xtargets="5.10;5.12" />
  <link xtargets="6.1;6.2" />
  <link xtargets="6.2;6.3" />
  <link xtargets="6.3;6.5 6.6" />
  <link xtargets="6.4;6.7" />
  <link xtargets="7.1;7.1" />
  <link xtargets="8.1;8.1 8.2" />
  <link xtargets="9.1;9.1" />
  <link xtargets="9.2;9.2" />
  <link xtargets="9.3;9.3" />
  <link xtargets="9.4;9.4 9.5" />
  <link xtargets="9.5;9.7" />
  <link xtargets="9.6;9.8" />
  <link xtargets="9.7;9.9" />
  <link xtargets="9.8;9.10" />
  <link xtargets="9.9;9.15" />
  <link xtargets="9.10;9.16" />
  <link xtargets="9.11;9.17" />
  <link xtargets="9.12;9.18" />
  <link xtargets="10.1;10.1" />
  <link xtargets="10.2;10.3" />
  <link xtargets="10.3;10.4" />
  <link xtargets="10.4;10.5" />
  <link xtargets="10.5;10.7" />
  <link xtargets="10.6;10.8" />
 </linkGrp>
 <linkGrp targType="s" fromDoc="en/2012_08_22_mauritania-landslides-leave-residents-homeless_.xml.gz" toDoc="my/2012_11_531.xml.gz">
  <link xtargets="1.1;1.1" />
  <link xtargets="1.2;1.2" />
  <link xtargets="1.3;1.3" />
  <link xtargets="2.1;1.5" />
  <link xtargets="2.2;1.6" />
  <link xtargets="3.1;2.1" />
  <link xtargets="4.1;2.3" />
  <link xtargets="5.2;2.4 3.1 3.2" />
  <link xtargets="6.1;4.1" />
  <link xtargets="7.1;5.3" />
  <link xtargets="8.1;6.1" />
  <link xtargets="8.2;7.1" />
  <link xtargets="8.3;8.2" />
  <link xtargets="9.1;9.1" />
  <link xtargets="10.2;10.2" />
  <link xtargets="10.3;10.3" />
  <link xtargets="11.1;13.1" />
  <link xtargets="13.1;14.1" />
  <link xtargets="13.2;14.2" />
 </linkGrp>
 <linkGrp targType="s" fromDoc="en/2012_11_05_turkey-turkish-police-use-tear-gas-against-protesting-mothers_.xml.gz" toDoc="my/2012_11_551.xml.gz">
  <link xtargets="1.1;1.1" />
  <link xtargets="1.2;1.2" />
  <link xtargets="1.3;1.3" />
  <link xtargets="1.4;1.4" />
  <link xtargets="2.1;1.5" />
  <link xtargets="2.2;1.6" />
  <link xtargets="2.3;1.7 1.8" />
  <link xtargets="2.4;1.9" />
  <link xtargets="2.5;1.10" />
  <link xtargets="2.6;1.11" />
  <link xtargets="3.1;1.12" />
  <link xtargets="3.2;2.1" />
  <link xtargets="4.1;2.3" />
  <link xtargets="5.1;3.2" />
  <link xtargets="7.1;4.1" />
  <link xtargets="8.1;5.1" />
  <link xtargets="9.1;5.2" />
  <link xtargets="9.2;5.5" />
  <link xtargets="9.3;5.6" />
  <link xtargets="9.4;5.7" />
  <link xtargets="9.5;5.8" />
 </linkGrp>
 <linkGrp targType="s" fromDoc="en/2012_09_10_malaysia-furor-over-alleged-national-flag-redesign_.xml.gz" toDoc="my/2012_11_558.xml.gz">
  <link xtargets="1.1;1.5" />
  <link xtargets="1.2;1.7" />
  <link xtargets="1.3;3.1" />
  <link xtargets="1.4;4.3" />
  <link xtargets="1.5;4.4" />
  <link xtargets="1.6;4.5" />
  <link xtargets="2.1;4.6" />
  <link xtargets="3.1;5.1" />
  <link xtargets="3.2;5.2" />
  <link xtargets="3.3;5.3" />
  <link xtargets="3.4;5.4" />
  <link xtargets="4.1;5.5" />
  <link xtargets="4.2;5.6" />
  <link xtargets="4.3 4.4;5.7" />
  <link xtargets="4.5;5.8" />
  <link xtargets="4.6;5.9" />
  <link xtargets="4.7;5.10" />
  <link xtargets="4.8;5.12" />
  <link xtargets="4.9;5.13" />
  <link xtargets="5.1;6.1" />
  <link xtargets="5.2;6.2" />
  <link xtargets="6.1;7.1" />
  <link xtargets="6.2;8.1" />
  <link xtargets="6.3;8.2" />
  <link xtargets="6.4;8.3" />
  <link xtargets="7.1;8.5" />
  <link xtargets="7.2;8.6" />
  <link xtargets="7.3;9.2" />
  <link xtargets="7.4;9.3" />
  <link xtargets="8.1;9.4" />
  <link xtargets="8.2 8.3;9.5" />
  <link xtargets="8.4;9.6" />
  <link xtargets="8.6;9.7" />
  <link xtargets="8.7 8.8;9.8" />
  <link xtargets="8.9;9.9" />
  <link xtargets="8.10;9.10" />
  <link xtargets="8.11;9.11" />
  <link xtargets="9.1;9.13" />
  <link xtargets="10.1;11.2" />
  <link xtargets="10.2;11.3" />
  <link xtargets="11.1;12.3" />
  <link xtargets="11.2;12.4" />
 </linkGrp>
 <linkGrp targType="s" fromDoc="en/2014_04_27_so-you-need-to-get-around-madagascar-public-transportation_.xml.gz" toDoc="my/2014_04_580.xml.gz">
  <link xtargets="1.1;1.1" />
  <link xtargets="1.2 1.3;1.2" />
  <link xtargets="1.5;1.4" />
  <link xtargets="2.1;3.1" />
  <link xtargets="3.1 3.2;3.2" />
  <link xtargets="3.3;3.3" />
  <link xtargets="4.1;4.1" />
  <link xtargets="4.2;4.2" />
  <link xtargets="5.1;5.1" />
  <link xtargets="6.1;6.1" />
  <link xtargets="6.2;6.2" />
  <link xtargets="6.3;6.3" />
  <link xtargets="6.4;6.4" />
  <link xtargets="6.5;6.5" />
  <link xtargets="6.6;6.6" />
  <link xtargets="6.7;6.7" />
  <link xtargets="6.8;6.10" />
  <link xtargets="8.1;7.1" />
  <link xtargets="8.2;7.2" />
  <link xtargets="8.3;7.4" />
  <link xtargets="8.4;7.6" />
  <link xtargets="8.5 8.6 8.7;7.7" />
  <link xtargets="8.8 8.9;7.9" />
  <link xtargets="8.10;7.10" />
  <link xtargets="8.11;7.11" />
  <link xtargets="8.12;7.12" />
  <link xtargets="9.1 9.2;8.1" />
  <link xtargets="9.3;8.3" />
  <link xtargets="9.4;8.4" />
  <link xtargets="10.1;9.3" />
  <link xtargets="10.2 10.3;9.4" />
  <link xtargets="10.4;9.5" />
  <link xtargets="11.1;10.1" />
 </linkGrp>
 <linkGrp targType="s" fromDoc="en/2014_04_27_8-shocking-quotes-from-malaysian-politicians_.xml.gz" toDoc="my/2014_04_586.xml.gz">
  <link xtargets="1.1;1.1" />
  <link xtargets="1.2;1.2" />
  <link xtargets="2.1;2.1" />
  <link xtargets="2.2;2.2" />
  <link xtargets="3.1;3.1" />
  <link xtargets="3.2;3.2" />
  <link xtargets="4.1;4.1" />
  <link xtargets="4.2;4.3" />
  <link xtargets="4.3;4.5" />
  <link xtargets="4.4;4.7" />
  <link xtargets="4.5;4.8" />
  <link xtargets="4.6;4.9" />
  <link xtargets="4.7;4.10" />
  <link xtargets="4.8;4.11 5.1" />
  <link xtargets="4.9 4.10;5.3" />
  <link xtargets="5.3;10.1" />
  <link xtargets="7.2;11.2" />
  <link xtargets="7.3;12.1" />
  <link xtargets="9.1;13.1" />
  <link xtargets="9.2;13.2" />
  <link xtargets="11.1;14.1" />
  <link xtargets="11.2;14.2" />
  <link xtargets="13.1;15.1" />
  <link xtargets="13.2;15.3" />
  <link xtargets="13.3;16.2" />
  <link xtargets="15.1;17.1" />
  <link xtargets="15.2;17.2" />
  <link xtargets="15.3;18.1" />
  <link xtargets="17.1;19.1" />
  <link xtargets="17.2;19.2" />
  <link xtargets="19.1;20.2" />
 </linkGrp>
 <linkGrp targType="s" fromDoc="en/2014_06_03_new-thai-coup-protest-icons-hunger-games-salute-and-orwells-1984-book_.xml.gz" toDoc="my/2014_06_598.xml.gz">
  <link xtargets="1.1;1.2" />
  <link xtargets="1.2;1.3" />
  <link xtargets="1.3;1.4 1.5" />
  <link xtargets="2.1;2.1" />
  <link xtargets="2.2;2.3" />
  <link xtargets="3.1;3.1" />
  <link xtargets="3.2;3.3" />
  <link xtargets="4.1;4.1" />
  <link xtargets="5.1;5.1" />
  <link xtargets="5.3;5.5" />
  <link xtargets="5.4;7.2 7.3" />
  <link xtargets="6.1;8.1" />
  <link xtargets="6.2 6.3;8.2" />
  <link xtargets="7.3 7.4;9.1" />
  <link xtargets="8.1;9.2" />
  <link xtargets="8.2;10.1" />
  <link xtargets="10.1;10.2" />
  <link xtargets="10.2;10.3" />
  <link xtargets="10.3;10.4" />
  <link xtargets="11.1;11.1" />
  <link xtargets="11.2 11.3;11.3" />
  <link xtargets="12.1;12.1" />
  <link xtargets="12.2;12.2" />
  <link xtargets="12.3;12.3" />
  <link xtargets="13.1 13.2;13.1" />
  <link xtargets="13.3;13.2" />
  <link xtargets="13.4;13.3" />
  <link xtargets="13.5;13.4" />
  <link xtargets="13.6;14.2" />
  <link xtargets="14.1;14.4" />
  <link xtargets="14.2;14.5" />
  <link xtargets="15.1;15.1" />
  <link xtargets="15.2;15.2" />
  <link xtargets="15.3;15.3" />
  <link xtargets="15.4;15.4" />
  <link xtargets="15.5;15.6" />
  <link xtargets="15.6;15.7" />
  <link xtargets="15.7;15.8" />
  <link xtargets="15.8;15.9" />
 </linkGrp>
 <linkGrp targType="s" fromDoc="en/2014_06_05_informal-wedding-a-small-victory-for-gays-in-tajikistan_.xml.gz" toDoc="my/2014_06_605.xml.gz">
  <link xtargets="1.1;1.1" />
  <link xtargets="1.2;1.2" />
  <link xtargets="2.1 2.2;2.1" />
  <link xtargets="2.3 3.1;2.2" />
  <link xtargets="3.2;2.3" />
  <link xtargets="3.3;3.1" />
  <link xtargets="3.4;3.2 3.3" />
  <link xtargets="3.5;3.4" />
  <link xtargets="3.6;3.5" />
  <link xtargets="3.7;3.6" />
  <link xtargets="3.8;3.8" />
  <link xtargets="3.9;3.11" />
  <link xtargets="3.10;3.14" />
  <link xtargets="3.11;3.18" />
  <link xtargets="3.12;3.22" />
  <link xtargets="3.13;3.23" />
  <link xtargets="3.14;3.24" />
  <link xtargets="3.15;3.25" />
  <link xtargets="3.16 3.17;3.26" />
  <link xtargets="3.18;3.27" />
  <link xtargets="3.19;3.29" />
  <link xtargets="3.20;3.30" />
  <link xtargets="3.21;3.31" />
  <link xtargets="3.22;3.35" />
  <link xtargets="3.23;3.36" />
  <link xtargets="3.24;3.38" />
 </linkGrp>
 <linkGrp targType="s" fromDoc="en/2014_06_03_typical-venezuelan-expressions-illustrated-and-in-english_.xml.gz" toDoc="my/2014_06_609.xml.gz">
  <link xtargets="1.1;1.1" />
  <link xtargets="1.2;2.4" />
  <link xtargets="1.3 2.1;2.6" />
  <link xtargets="2.2;2.7" />
  <link xtargets="2.3;2.9" />
  <link xtargets="2.5 2.6;2.10" />
  <link xtargets="2.7;2.11" />
  <link xtargets="2.8;2.12" />
  <link xtargets="2.9;2.13" />
  <link xtargets="2.10;2.14" />
  <link xtargets="2.11;3.21" />
  <link xtargets="3.2;3.3" />
  <link xtargets="3.3;3.8" />
  <link xtargets="3.4;3.14" />
  <link xtargets="3.5;3.15" />
  <link xtargets="3.6;3.16" />
  <link xtargets="3.7;3.17" />
  <link xtargets="3.8;3.19 3.20" />
  <link xtargets="3.9;3.21" />
  <link xtargets="4.1;3.22" />
  <link xtargets="4.2;4.2" />
 </linkGrp>
 <linkGrp targType="s" fromDoc="en/2014_06_07_this-boy-of-zambian-origin-is-the-first-student-to-become-a-microsoft-certified-professional_.xml.gz" toDoc="my/2014_06_613.xml.gz">
  <link xtargets="1.1;1.3" />
  <link xtargets="1.2;1.4" />
  <link xtargets="2.1;2.1" />
  <link xtargets="2.2;2.2" />
  <link xtargets="3.1;2.3" />
  <link xtargets="4.1;4.2" />
  <link xtargets="5.1;5.1" />
  <link xtargets="6.1;6.2" />
  <link xtargets="6.2;6.3" />
  <link xtargets="7.1;6.4" />
  <link xtargets="7.2;7.1" />
  <link xtargets="7.3;7.2" />
  <link xtargets="7.4;7.4" />
  <link xtargets="7.5;7.5" />
  <link xtargets="7.6;7.7" />
  <link xtargets="7.7;7.8" />
  <link xtargets="7.8;7.9 7.10" />
  <link xtargets="7.9;7.11" />
  <link xtargets="7.10;7.12" />
  <link xtargets="8.1;8.1" />
 </linkGrp>
 <linkGrp targType="s" fromDoc="en/2014_06_07_want-to-be-a-government-bureaucrat-in-china_.xml.gz" toDoc="my/2014_06_620.xml.gz">
  <link xtargets="1.1;1.1" />
  <link xtargets="1.2;1.2" />
 </linkGrp>
 <linkGrp targType="s" fromDoc="en/2014_06_07_china-keyboard-supermen-and-angry-youth-2-0_.xml.gz" toDoc="my/2014_06_623.xml.gz">
  <link xtargets="1.1;1.2" />
  <link xtargets="1.2;1.4" />
  <link xtargets="1.3;1.5" />
  <link xtargets="2.2;2.2" />
 </linkGrp>
 <linkGrp targType="s" fromDoc="en/2014_06_06_jamaica-girls-in-science_.xml.gz" toDoc="my/2014_06_626.xml.gz">
  <link xtargets="1.1;1.2" />
  <link xtargets="1.2;1.3 1.4" />
 </linkGrp>
 <linkGrp targType="s" fromDoc="en/2014_06_06_suriname-the-faces-of-inspiration_.xml.gz" toDoc="my/2014_06_629.xml.gz">
  <link xtargets="1.1;1.1" />
  <link xtargets="1.2;1.3" />
  <link xtargets="1.3;1.5" />
 </linkGrp>
 <linkGrp targType="s" fromDoc="en/2014_06_06_homosexual-assylum-seekers-from-maldives-face-prosecution-upon-return_.xml.gz" toDoc="my/2014_06_632.xml.gz">
  <link xtargets="1.1;2.1" />
  <link xtargets="1.2;2.2" />
  <link xtargets="2.1;2.3" />
  <link xtargets="3.1;3.1" />
  <link xtargets="3.2;3.2" />
 </linkGrp>
 <linkGrp targType="s" fromDoc="en/2014_06_05_china-chronology-of-tiananmen-crackdown-revealed-in-wikileaks-cables_.xml.gz" toDoc="my/2014_06_639.xml.gz">
  <link xtargets="1.1;1.2" />
  <link xtargets="1.2;1.3" />
 </linkGrp>
 <linkGrp targType="s" fromDoc="en/2014_06_05_pre-historic-remains-found-in-chile_.xml.gz" toDoc="my/2014_06_644.xml.gz">
  <link xtargets="1.1;1.1" />
  <link xtargets="1.2;1.2" />
  <link xtargets="1.3;1.3" />
  <link xtargets="1.4;1.4" />
  <link xtargets="1.5;1.5" />
  <link xtargets="1.6;1.6" />
 </linkGrp>
 <linkGrp targType="s" fromDoc="en/2014_06_04_the-importance-of-maths-in-education_.xml.gz" toDoc="my/2014_06_648.xml.gz">
  <link xtargets="1.1;1.1" />
  <link xtargets="1.2;1.2" />
  <link xtargets="1.3;1.5" />
  <link xtargets="1.4 1.5;1.6" />
 </linkGrp>
 <linkGrp targType="s" fromDoc="en/2014_06_04_let-spain-decide_.xml.gz" toDoc="my/2014_06_653.xml.gz">
  <link xtargets="1.1;1.1" />
  <link xtargets="1.2;1.2" />
  <link xtargets="1.3 1.4;1.6" />
 </linkGrp>
 <linkGrp targType="s" fromDoc="en/2014_06_04_university-student-posts-suicide-note-in-facebook-friends-fail-to-save-him_.xml.gz" toDoc="my/2014_06_663.xml.gz">
  <link xtargets="1.1;1.2" />
  <link xtargets="1.2;1.3" />
  <link xtargets="2.1;2.1" />
  <link xtargets="2.2;2.3" />
  <link xtargets="3.1;2.4" />
  <link xtargets="3.2;2.5" />
  <link xtargets="3.3;3.1" />
  <link xtargets="4.1;3.5" />
  <link xtargets="4.2;4.1" />
  <link xtargets="5.1;5.1" />
  <link xtargets="5.2;5.2" />
  <link xtargets="5.3;5.4" />
  <link xtargets="5.4;5.5" />
  <link xtargets="5.5;5.6" />
  <link xtargets="5.6;5.7" />
  <link xtargets="5.7;5.8" />
  <link xtargets="6.1;6.2" />
  <link xtargets="6.2 6.3;6.4" />
  <link xtargets="6.5;6.7" />
 </linkGrp>
 <linkGrp targType="s" fromDoc="en/2015_07_22_singing-lullabies-to-preserve-the-butchulla-language_.xml.gz" toDoc="my/2015_07_688.xml.gz">
  <link xtargets="1.1;1.1" />
  <link xtargets="1.2;1.2" />
  <link xtargets="1.3;1.3" />
  <link xtargets="2.1;2.1" />
  <link xtargets="2.2;2.2" />
  <link xtargets="3.1;3.1" />
  <link xtargets="5.1;5.1" />
  <link xtargets="6.1;6.1" />
  <link xtargets="6.2;6.2 6.3" />
  <link xtargets="7.1;7.1" />
  <link xtargets="7.2;7.2" />
  <link xtargets="8.1;8.1" />
  <link xtargets="8.2;8.2" />
  <link xtargets="9.1;9.1" />
  <link xtargets="10.1;10.1" />
  <link xtargets="11.1;11.1" />
  <link xtargets="12.1;12.1" />
  <link xtargets="13.1;13.1" />
  <link xtargets="14.1;14.1" />
  <link xtargets="14.2;14.2" />
  <link xtargets="16.1;16.1" />
  <link xtargets="16.2;16.2" />
 </linkGrp>
 <linkGrp targType="s" fromDoc="en/2015_06_25_the-africa-the-media-never-shows-you-twitter-campaign_.xml.gz" toDoc="my/2015_07_696.xml.gz">
  <link xtargets="1.1;1.2" />
  <link xtargets="1.2;1.3" />
  <link xtargets="2.1;1.7 1.8 1.9" />
  <link xtargets="2.2;2.1" />
  <link xtargets="3.1;2.3" />
  <link xtargets="3.2;2.4" />
  <link xtargets="4.1;2.5" />
  <link xtargets="4.2;2.6" />
  <link xtargets="4.3;2.7" />
  <link xtargets="5.1;4.3" />
  <link xtargets="6.1;5.1" />
  <link xtargets="6.2;5.2" />
  <link xtargets="7.1;6.2" />
  <link xtargets="7.3;7.1" />
  <link xtargets="8.2;7.3" />
  <link xtargets="9.1;8.2 9.1" />
  <link xtargets="9.2;9.2" />
  <link xtargets="10.2;10.2" />
  <link xtargets="10.3;10.4" />
 </linkGrp>
 <linkGrp targType="s" fromDoc="en/2015_07_20_top-bahraini-student-goes-to-jail-instead-of-medical-school_.xml.gz" toDoc="my/2015_07_735.xml.gz">
  <link xtargets="1.1;1.1" />
  <link xtargets="1.2;1.2" />
  <link xtargets="2.1;2.1" />
  <link xtargets="2.2;2.2" />
  <link xtargets="3.1;3.1" />
  <link xtargets="3.2;3.2" />
  <link xtargets="4.1;3.3" />
  <link xtargets="4.3;3.4 4.1" />
  <link xtargets="4.4;4.2" />
  <link xtargets="4.5;4.3" />
  <link xtargets="5.1;4.4 4.5" />
  <link xtargets="6.1;4.6" />
  <link xtargets="6.2;5.1 6.1" />
  <link xtargets="7.1;6.2" />
  <link xtargets="7.2;6.7" />
  <link xtargets="7.3;6.8" />
  <link xtargets="7.4;7.1" />
  <link xtargets="8.1;8.1" />
  <link xtargets="8.2 9.1;8.2" />
  <link xtargets="9.2;8.3" />
  <link xtargets="9.3;8.4" />
  <link xtargets="9.4;8.5" />
  <link xtargets="9.5;8.7" />
  <link xtargets="9.6;8.8" />
  <link xtargets="9.7;8.9" />
  <link xtargets="9.8;8.10" />
  <link xtargets="9.9;8.11" />
  <link xtargets="9.10;8.12" />
  <link xtargets="10.1;9.1" />
  <link xtargets="11.1;10.1" />
  <link xtargets="12.1;11.1" />
  <link xtargets="12.2;11.3" />
  <link xtargets="13.1;12.1" />
  <link xtargets="13.2;12.2" />
  <link xtargets="14.1;12.3" />
  <link xtargets="14.2;13.1" />
  <link xtargets="14.3;13.2" />
  <link xtargets="14.4;13.6" />
  <link xtargets="14.5;13.7" />
  <link xtargets="14.6;13.8" />
  <link xtargets="14.7;13.9" />
  <link xtargets="15.1;14.1" />
  <link xtargets="15.2;14.2" />
 </linkGrp>
 <linkGrp targType="s" fromDoc="en/2014_06_27_we-have-all-become-killers-in-syria_.xml.gz" toDoc="my/2015_08_1030.xml.gz">
  <link xtargets="1.1;1.1" />
  <link xtargets="1.2;2.1" />
  <link xtargets="1.3;2.2" />
  <link xtargets="1.4;2.3" />
  <link xtargets="2.1;3.1" />
  <link xtargets="3.1;3.2" />
  <link xtargets="3.2;3.3" />
  <link xtargets="3.3;3.4" />
  <link xtargets="3.4;3.5" />
  <link xtargets="3.5;3.6" />
  <link xtargets="3.6;3.7" />
  <link xtargets="3.7;3.8" />
  <link xtargets="4.1;4.1" />
  <link xtargets="4.2;4.2" />
  <link xtargets="4.3;4.3" />
  <link xtargets="4.4;4.4" />
  <link xtargets="4.5;4.5" />
  <link xtargets="4.6;5.1" />
  <link xtargets="5.1;5.2" />
  <link xtargets="5.2;5.3 5.4" />
  <link xtargets="5.3;6.1" />
  <link xtargets="6.1;6.2" />
  <link xtargets="6.2;6.3" />
  <link xtargets="6.3;7.1" />
  <link xtargets="6.4;7.3" />
  <link xtargets="7.1;8.1" />
  <link xtargets="7.2;9.1" />
  <link xtargets="7.3;9.2" />
  <link xtargets="7.4;9.3" />
  <link xtargets="7.5;9.4" />
  <link xtargets="7.6;9.5" />
  <link xtargets="7.7;9.6" />
  <link xtargets="7.8;9.7" />
  <link xtargets="7.9;9.9" />
  <link xtargets="8.1;10.1" />
  <link xtargets="8.2;10.3 10.4" />
  <link xtargets="8.3;10.5" />
  <link xtargets="8.4;10.7" />
  <link xtargets="9.1;11.1" />
  <link xtargets="9.2;11.2" />
  <link xtargets="9.3;11.3" />
  <link xtargets="9.4;11.6" />
  <link xtargets="9.5;11.8" />
  <link xtargets="9.6;11.9" />
  <link xtargets="10.1;12.1" />
  <link xtargets="10.2;12.3" />
  <link xtargets="10.3;12.4" />
  <link xtargets="10.4;12.5" />
  <link xtargets="10.5;12.6" />
  <link xtargets="10.6;13.2" />
  <link xtargets="10.7;13.3" />
  <link xtargets="10.8;13.4" />
  <link xtargets="11.1;14.2" />
  <link xtargets="11.2;14.4" />
  <link xtargets="11.3;14.5" />
  <link xtargets="11.4;14.6" />
  <link xtargets="12.1;14.7" />
  <link xtargets="12.2;15.2" />
  <link xtargets="12.3;15.3" />
  <link xtargets="12.4;15.4" />
  <link xtargets="12.5;15.6" />
  <link xtargets="12.6;16.1" />
  <link xtargets="13.1;16.2" />
  <link xtargets="13.2;16.3" />
  <link xtargets="13.3;16.4" />
  <link xtargets="13.4;16.5" />
  <link xtargets="14.1;17.1" />
  <link xtargets="14.2;17.2" />
  <link xtargets="14.3;17.3 17.4" />
  <link xtargets="14.4;17.5" />
  <link xtargets="14.5;17.7" />
  <link xtargets="14.6;17.8" />
  <link xtargets="15.1;17.9" />
  <link xtargets="15.2;18.3" />
  <link xtargets="15.3;18.4" />
  <link xtargets="15.4;18.5" />
  <link xtargets="15.5;18.7" />
  <link xtargets="16.1;19.1" />
  <link xtargets="16.2;19.2" />
  <link xtargets="16.3;19.3" />
  <link xtargets="16.4;19.4" />
  <link xtargets="16.5;19.5" />
  <link xtargets="17.1;20.2" />
  <link xtargets="17.2;20.3" />
 </linkGrp>
 <linkGrp targType="s" fromDoc="en/2015_08_28_the-lebanese-protest-against-the-trash-crisis-creatively_.xml.gz" toDoc="my/2015_08_1038.xml.gz">
  <link xtargets="1.1;1.1" />
  <link xtargets="1.2;1.2" />
  <link xtargets="1.3;1.3" />
  <link xtargets="1.4;1.4" />
  <link xtargets="2.1;3.1" />
  <link xtargets="3.1;4.1" />
  <link xtargets="3.2;4.2" />
  <link xtargets="3.3 3.4;4.3" />
  <link xtargets="4.1;5.1" />
  <link xtargets="5.1;6.1" />
  <link xtargets="5.2;6.2" />
  <link xtargets="6.1;7.1" />
  <link xtargets="6.2;7.2" />
  <link xtargets="7.1;8.1" />
  <link xtargets="7.2;8.2" />
  <link xtargets="7.3;8.3" />
  <link xtargets="8.1;9.1" />
  <link xtargets="9.1;10.2" />
  <link xtargets="10.2;10.4" />
 </linkGrp>
 <linkGrp targType="s" fromDoc="en/2015_08_02_global-voices-partners-with-myanmars-the-irrawaddy_.xml.gz" toDoc="my/2015_08_758.xml.gz">
  <link xtargets="1.1;1.1" />
  <link xtargets="1.2;1.2" />
  <link xtargets="1.3;1.3" />
  <link xtargets="2.1;2.1" />
  <link xtargets="2.2;2.2" />
  <link xtargets="2.3;2.3" />
  <link xtargets="3.1;3.1" />
  <link xtargets="4.1;4.2" />
  <link xtargets="4.2;4.4" />
  <link xtargets="5.1;5.1" />
  <link xtargets="5.2;5.2" />
  <link xtargets="6.1;6.2" />
  <link xtargets="6.2;6.3" />
  <link xtargets="6.3 7.1;7.1" />
  <link xtargets="7.2;7.2" />
  <link xtargets="7.3;7.3" />
  <link xtargets="7.4;7.4" />
  <link xtargets="7.5;7.5" />
 </linkGrp>
 <linkGrp targType="s" fromDoc="en/2015_07_31_this-is-what-happens-when-you-give-power-to-the-chicas_.xml.gz" toDoc="my/2015_08_766.xml.gz">
  <link xtargets="1.1;1.1" />
  <link xtargets="2.1;2.1" />
  <link xtargets="2.2;2.2" />
  <link xtargets="2.3;2.6" />
  <link xtargets="2.4 2.5;2.7" />
  <link xtargets="2.6;2.8" />
  <link xtargets="3.1;2.9" />
  <link xtargets="3.2;3.1" />
  <link xtargets="4.1;3.3" />
  <link xtargets="4.2;4.1" />
  <link xtargets="5.1;4.4" />
  <link xtargets="5.2;4.5" />
  <link xtargets="6.1;5.1" />
  <link xtargets="6.2;5.2" />
  <link xtargets="6.3;5.3" />
  <link xtargets="7.2;5.4" />
  <link xtargets="7.3;5.5" />
  <link xtargets="7.4;5.6" />
  <link xtargets="7.5;5.9" />
 </linkGrp>
 <linkGrp targType="s" fromDoc="en/2015_08_12_in-malaysia-myanmars-refugee-children-go-to-school-in-fear_.xml.gz" toDoc="my/2015_08_785.xml.gz">
  <link xtargets="1.1;1.1" />
  <link xtargets="1.2;1.2" />
  <link xtargets="1.3;9.2" />
  <link xtargets="3.1;3.2 3.3" />
  <link xtargets="3.2;3.4" />
  <link xtargets="4.1;4.1" />
  <link xtargets="4.2;4.2" />
  <link xtargets="5.1;5.1" />
  <link xtargets="5.2;5.2" />
  <link xtargets="5.3;5.4" />
  <link xtargets="5.4;5.5" />
  <link xtargets="5.5;5.7 5.8" />
  <link xtargets="5.6;5.9" />
  <link xtargets="5.7;5.10" />
  <link xtargets="6.1;5.11" />
  <link xtargets="6.2;6.2" />
  <link xtargets="7.1;7.1" />
  <link xtargets="8.1;8.1 8.2" />
  <link xtargets="9.1;9.1" />
  <link xtargets="9.2;9.2" />
  <link xtargets="10.1;10.3" />
  <link xtargets="10.2;11.1" />
  <link xtargets="11.1;11.2" />
  <link xtargets="12.1;12.1" />
  <link xtargets="12.2;12.2" />
  <link xtargets="13.1;13.1" />
 </linkGrp>
 <linkGrp targType="s" fromDoc="en/2015_08_30_tanzania-general-elections-2015-a-defeat-for-africas-longest-ruling-party_.xml.gz" toDoc="my/2015_09_1048.xml.gz">
  <link xtargets="1.1;1.1" />
  <link xtargets="1.2;1.2" />
  <link xtargets="1.3;1.3" />
  <link xtargets="2.1;2.1" />
  <link xtargets="2.2;2.2" />
  <link xtargets="3.1;3.1 3.2" />
  <link xtargets="4.1;4.1 4.2" />
  <link xtargets="5.1;5.1 5.2" />
  <link xtargets="6.1;5.4" />
  <link xtargets="6.2;5.8" />
  <link xtargets="6.4;5.10" />
  <link xtargets="7.1;6.1" />
  <link xtargets="7.2;6.2" />
  <link xtargets="7.3;6.3" />
  <link xtargets="8.1;7.1" />
  <link xtargets="8.2;7.2" />
  <link xtargets="9.1;8.1" />
  <link xtargets="9.2;8.2" />
  <link xtargets="9.3;8.3" />
  <link xtargets="9.4;8.5" />
  <link xtargets="9.5;8.6" />
  <link xtargets="9.6;8.7" />
  <link xtargets="9.7;8.8 8.9" />
  <link xtargets="9.8;8.10" />
  <link xtargets="10.1;8.11" />
  <link xtargets="11.1 11.2;8.13" />
  <link xtargets="11.3;8.14" />
  <link xtargets="11.4;8.15" />
  <link xtargets="12.1;9.2" />
  <link xtargets="12.2;9.3" />
  <link xtargets="12.3;9.6" />
  <link xtargets="13.2;9.8" />
  <link xtargets="14.1;9.9 9.10" />
  <link xtargets="14.2;9.11" />
  <link xtargets="15.1;9.12" />
  <link xtargets="15.2;9.14" />
  <link xtargets="15.3;9.16" />
  <link xtargets="16.2;9.17" />
  <link xtargets="17.1;9.18" />
  <link xtargets="17.2;9.19" />
  <link xtargets="18.1;9.24" />
  <link xtargets="19.1;9.25" />
  <link xtargets="19.2;9.26" />
  <link xtargets="19.3;9.27" />
  <link xtargets="20.1;9.29" />
  <link xtargets="20.2;9.30" />
  <link xtargets="21.2;9.31" />
  <link xtargets="21.3;9.34" />
  <link xtargets="22.1;9.35" />
  <link xtargets="22.2;9.39" />
 </linkGrp>
 <linkGrp targType="s" fromDoc="en/2015_09_09_thailands-military-backed-government-to-stay-in-power-after-draft-charters-rejection_.xml.gz" toDoc="my/2015_09_1067.xml.gz">
  <link xtargets="1.1;1.1" />
  <link xtargets="1.2;1.2" />
  <link xtargets="1.3;1.3" />
  <link xtargets="2.1;2.1" />
  <link xtargets="3.1;3.1" />
  <link xtargets="3.2;3.2" />
  <link xtargets="3.3;3.3" />
  <link xtargets="3.4;3.4" />
  <link xtargets="3.5;3.6" />
  <link xtargets="3.6 3.7;3.7" />
  <link xtargets="3.8;3.8" />
  <link xtargets="3.9;3.9" />
  <link xtargets="3.10;3.10" />
  <link xtargets="3.11;3.11" />
  <link xtargets="3.12;3.12" />
  <link xtargets="4.1;4.1" />
  <link xtargets="5.1;5.1" />
  <link xtargets="5.2;5.2" />
  <link xtargets="5.3;6.1" />
  <link xtargets="5.4;6.2" />
  <link xtargets="5.5;6.3" />
  <link xtargets="5.6;7.1" />
  <link xtargets="6.1;7.2" />
  <link xtargets="6.2;7.3" />
  <link xtargets="6.3;7.4" />
  <link xtargets="6.4;7.5" />
  <link xtargets="7.1;8.1" />
  <link xtargets="7.2;8.2" />
  <link xtargets="7.3;8.3" />
  <link xtargets="8.1;8.5" />
  <link xtargets="8.2;9.2" />
  <link xtargets="8.3;9.3" />
  <link xtargets="8.4;9.4" />
  <link xtargets="8.5;9.6" />
  <link xtargets="9.1;10.1" />
  <link xtargets="9.2;10.2" />
  <link xtargets="9.3;10.3" />
 </linkGrp>
 <linkGrp targType="s" fromDoc="en/2015_07_15_travel-back-in-time-with-these-photos-of-early-20th-century-cambodia_.xml.gz" toDoc="my/2015_09_1076.xml.gz"></linkGrp>
 <linkGrp targType="s" fromDoc="en/2015_09_19_brewing-sake-in-japan-is-becoming-a-womans-game-again_.xml.gz" toDoc="my/2015_09_1092.xml.gz">
  <link xtargets="1.2;1.2" />
  <link xtargets="1.3;1.3" />
  <link xtargets="1.4;1.5" />
  <link xtargets="1.5;28.2" />
  <link xtargets="3.1;3.1" />
  <link xtargets="5.1;5.1" />
  <link xtargets="6.1;6.1" />
  <link xtargets="6.2;6.2 6.3" />
  <link xtargets="7.1;7.1" />
  <link xtargets="7.2;7.2" />
  <link xtargets="8.1;7.3" />
  <link xtargets="9.1;9.1" />
  <link xtargets="9.2;10.1" />
  <link xtargets="10.1;10.2" />
  <link xtargets="10.2;11.1" />
  <link xtargets="11.1;11.2" />
  <link xtargets="11.2;11.3" />
  <link xtargets="11.3;28.2" />
  <link xtargets="13.1 14.1 14.2;14.2" />
  <link xtargets="15.1;14.3" />
  <link xtargets="16.1;15.1" />
  <link xtargets="16.2;15.2" />
  <link xtargets="17.1;16.1" />
  <link xtargets="17.2;16.2" />
  <link xtargets="17.3;16.3" />
  <link xtargets="18.1;17.2" />
  <link xtargets="19.1;18.1" />
  <link xtargets="19.2;18.2" />
  <link xtargets="19.3;18.3" />
  <link xtargets="20.1;19.1 19.2" />
  <link xtargets="20.2;19.5" />
  <link xtargets="21.1;20.1 20.2 20.3" />
  <link xtargets="22.1;21.1" />
  <link xtargets="23.2;22.3" />
  <link xtargets="24.1;22.5" />
  <link xtargets="24.2;22.6" />
  <link xtargets="25.1;24.1" />
  <link xtargets="26.1;24.3 25.1" />
  <link xtargets="27.1;26.1" />
  <link xtargets="28.1;27.2" />
  <link xtargets="28.2;28.1" />
  <link xtargets="28.3;28.2" />
  <link xtargets="29.1;28.3" />
  <link xtargets="29.2 30.1;29.1" />
  <link xtargets="31.1;30.1" />
  <link xtargets="31.2;30.3" />
  <link xtargets="31.3;30.4" />
  <link xtargets="32.1;31.1" />
  <link xtargets="33.1;32.1" />
  <link xtargets="33.2;32.2" />
  <link xtargets="33.3;32.3" />
  <link xtargets="34.1;33.1" />
 </linkGrp>
 <linkGrp targType="s" fromDoc="en/2015_07_15_from-village-girl-to-world-ultramarathon-champion-the-inspiring-story-of-nepals-mira-rai_.xml.gz" toDoc="my/2015_09_1110.xml.gz">
  <link xtargets="1.1;1.1" />
  <link xtargets="1.2;1.2" />
  <link xtargets="1.3;1.3" />
  <link xtargets="1.4;1.4" />
  <link xtargets="2.1;2.1" />
  <link xtargets="2.2;2.2" />
  <link xtargets="2.3;2.3" />
  <link xtargets="3.1;3.1" />
  <link xtargets="3.2;3.2" />
  <link xtargets="3.4;3.6" />
  <link xtargets="4.1;4.1" />
  <link xtargets="4.3 5.1;5.1" />
  <link xtargets="6.1;6.1" />
  <link xtargets="6.2;6.2" />
  <link xtargets="7.1;7.1" />
  <link xtargets="8.1;7.2" />
  <link xtargets="8.2;7.5" />
  <link xtargets="8.3;7.6" />
  <link xtargets="9.1;8.4" />
  <link xtargets="9.2;8.5" />
  <link xtargets="9.3;8.6" />
  <link xtargets="9.4;8.10" />
  <link xtargets="9.5;8.12" />
  <link xtargets="9.7;8.17" />
  <link xtargets="10.1;8.18" />
  <link xtargets="10.2;8.19 9.1" />
  <link xtargets="11.1 12.1;9.2" />
 </linkGrp>
 <linkGrp targType="s" fromDoc="en/2015_09_11_umida-ahmedova-_d0_ben-the-burden-of-censorship-and-being-a-female-artist-in-uzbekistan_.xml.gz" toDoc="my/2015_10_1128.xml.gz">
  <link xtargets="1.1;1.1" />
  <link xtargets="2.1;2.1" />
  <link xtargets="3.1;3.1" />
  <link xtargets="4.1;4.1" />
  <link xtargets="5.1 6.1;5.1" />
  <link xtargets="7.1;7.1" />
  <link xtargets="8.1;8.1" />
  <link xtargets="8.2;8.3" />
  <link xtargets="9.1;9.2" />
  <link xtargets="10.1;10.1" />
  <link xtargets="10.2 11.1;10.2" />
  <link xtargets="12.1;12.1" />
  <link xtargets="12.2;12.2" />
  <link xtargets="13.1;13.1" />
  <link xtargets="14.1;14.1" />
  <link xtargets="14.2;15.4" />
  <link xtargets="15.1;16.1" />
  <link xtargets="15.2;16.2" />
  <link xtargets="16.1 16.2;16.3" />
  <link xtargets="16.3;16.4" />
  <link xtargets="16.4;16.5" />
  <link xtargets="16.5;29.14" />
  <link xtargets="17.1;17.1" />
  <link xtargets="17.2;17.2" />
  <link xtargets="17.3;17.3" />
  <link xtargets="17.4;17.4" />
  <link xtargets="18.1;18.1" />
  <link xtargets="18.2;18.3 18.4" />
  <link xtargets="19.1;19.1" />
  <link xtargets="19.2;19.2" />
  <link xtargets="19.3;19.3" />
  <link xtargets="20.1;20.1" />
  <link xtargets="20.2;20.2" />
  <link xtargets="20.3;20.3" />
  <link xtargets="20.4;20.4" />
  <link xtargets="20.5;20.5" />
  <link xtargets="20.6;20.6" />
  <link xtargets="20.7;29.14" />
  <link xtargets="21.1;21.1" />
  <link xtargets="21.2;21.3" />
  <link xtargets="21.3;21.4" />
  <link xtargets="21.4;22.1" />
  <link xtargets="22.1;22.2" />
  <link xtargets="22.2 22.3;23.1" />
  <link xtargets="22.4;23.2" />
  <link xtargets="22.5 22.6;23.3" />
  <link xtargets="23.1 23.2;24.1" />
  <link xtargets="23.3;24.2" />
  <link xtargets="23.4;24.3" />
  <link xtargets="23.5;24.4" />
  <link xtargets="23.6;24.5" />
  <link xtargets="24.1;25.1" />
  <link xtargets="24.2;25.4" />
  <link xtargets="24.3;25.5" />
  <link xtargets="24.4;25.6" />
  <link xtargets="24.5;25.7 25.8" />
  <link xtargets="24.6;25.12" />
  <link xtargets="24.7;25.15" />
  <link xtargets="24.8;25.16" />
  <link xtargets="24.9;25.17" />
  <link xtargets="25.1;26.1" />
  <link xtargets="25.2;26.2" />
  <link xtargets="25.3;26.3" />
  <link xtargets="25.4;26.4" />
  <link xtargets="25.5;26.5" />
  <link xtargets="25.6;29.14" />
  <link xtargets="26.1 26.2;27.2" />
  <link xtargets="26.3;27.3" />
  <link xtargets="26.4;27.4" />
  <link xtargets="26.5;27.5" />
  <link xtargets="26.6;27.6" />
  <link xtargets="27.1;28.1" />
  <link xtargets="28.1;29.1" />
  <link xtargets="28.2;29.2" />
  <link xtargets="28.3;29.3" />
  <link xtargets="28.4;29.4" />
  <link xtargets="28.5;29.5" />
  <link xtargets="28.6;29.6" />
  <link xtargets="28.7;29.11 29.12" />
  <link xtargets="28.8;29.13" />
  <link xtargets="28.9;29.14" />
 </linkGrp>
 <linkGrp targType="s" fromDoc="en/2015_09_29_the-enormous-mural-that-made-a-mexican-neighborhood-magical_.xml.gz" toDoc="my/2015_10_1142.xml.gz">
  <link xtargets="1.1;1.1" />
  <link xtargets="1.2;1.2" />
  <link xtargets="1.3;1.3" />
  <link xtargets="2.1;2.1" />
  <link xtargets="2.2;2.2" />
  <link xtargets="3.1;3.1 3.2" />
  <link xtargets="4.1;4.2" />
  <link xtargets="4.2;4.3" />
  <link xtargets="4.3;4.4" />
  <link xtargets="4.4;4.5" />
  <link xtargets="4.5;4.8" />
  <link xtargets="4.6;4.9" />
  <link xtargets="4.7;4.12" />
  <link xtargets="4.8;4.13" />
  <link xtargets="4.9;4.14" />
  <link xtargets="4.10;4.15" />
  <link xtargets="5.1;4.16" />
  <link xtargets="5.2;4.18" />
  <link xtargets="5.3;4.19" />
  <link xtargets="5.4;4.20" />
  <link xtargets="5.5;5.1" />
  <link xtargets="5.6;5.4" />
  <link xtargets="5.7;5.5" />
  <link xtargets="5.8;5.6" />
  <link xtargets="6.1;7.1 7.2 7.3" />
 </linkGrp>
 <linkGrp targType="s" fromDoc="en/2015_05_14_israeli-feminist-professor_.xml.gz" toDoc="my/2015_10_1164.xml.gz"></linkGrp>
 <linkGrp targType="s" fromDoc="en/2015_10_06_syrian-refugees-get-your-facts-straight-before-you-share-their-stories_.xml.gz" toDoc="my/2015_11_1186.xml.gz">
  <link xtargets="1.2;1.2" />
  <link xtargets="1.3;1.3" />
  <link xtargets="1.4;1.4" />
  <link xtargets="2.1;2.1" />
  <link xtargets="2.2;2.2" />
  <link xtargets="2.3;2.3" />
  <link xtargets="3.1;3.1" />
  <link xtargets="3.2;3.2" />
  <link xtargets="3.3;3.3" />
  <link xtargets="4.1;3.4 4.1" />
  <link xtargets="4.2;4.4" />
  <link xtargets="4.3;4.5" />
  <link xtargets="4.4;4.7" />
  <link xtargets="4.5;4.8" />
  <link xtargets="4.6;4.10" />
  <link xtargets="4.7;4.11" />
  <link xtargets="4.8;4.12" />
  <link xtargets="4.9;4.13" />
  <link xtargets="4.10;4.14" />
  <link xtargets="4.11;5.1" />
  <link xtargets="4.12;5.3" />
  <link xtargets="4.13;5.4" />
  <link xtargets="4.14;5.5" />
  <link xtargets="4.15;5.6" />
  <link xtargets="4.16;5.7" />
  <link xtargets="4.17;5.8" />
  <link xtargets="4.18;6.1" />
  <link xtargets="5.1;6.2" />
  <link xtargets="5.2;7.4" />
  <link xtargets="6.1;8.1" />
  <link xtargets="6.2;8.2" />
  <link xtargets="7.1;8.3" />
  <link xtargets="7.2;8.4 8.5" />
  <link xtargets="7.3;9.3" />
  <link xtargets="7.4;9.6" />
  <link xtargets="7.5;10.1" />
  <link xtargets="7.6;10.2" />
  <link xtargets="7.7;10.3" />
  <link xtargets="7.8;10.5" />
  <link xtargets="8.1;11.1" />
  <link xtargets="9.1;11.2" />
  <link xtargets="10.1;12.1" />
  <link xtargets="10.2;12.2" />
  <link xtargets="10.3;12.3" />
  <link xtargets="10.4;12.4" />
  <link xtargets="11.1;12.5" />
  <link xtargets="11.2;12.6 12.7" />
  <link xtargets="12.1;12.8 12.9" />
  <link xtargets="12.2;12.12" />
  <link xtargets="12.3;12.14" />
  <link xtargets="12.4;12.15" />
  <link xtargets="13.1;13.1" />
  <link xtargets="13.2;13.2" />
  <link xtargets="13.3;13.3" />
  <link xtargets="13.4;13.4" />
  <link xtargets="13.5;13.6" />
  <link xtargets="13.6;13.7" />
  <link xtargets="13.7;13.8" />
  <link xtargets="14.1;13.10" />
  <link xtargets="14.2;13.11" />
  <link xtargets="14.3;13.12 13.13" />
  <link xtargets="14.4;13.14" />
  <link xtargets="14.5;13.15" />
  <link xtargets="14.6;13.16" />
  <link xtargets="14.7;13.19" />
  <link xtargets="14.8;13.20" />
  <link xtargets="14.9;13.21" />
  <link xtargets="14.10;13.22" />
  <link xtargets="14.11;13.23" />
  <link xtargets="14.12;13.24" />
  <link xtargets="14.13;13.25" />
  <link xtargets="14.14;13.26" />
 </linkGrp>
 <linkGrp targType="s" fromDoc="en/2015_06_17_remembering-a-legendary-kyrgyz-woman-who-adopted-150-children-during-the-siege-of-leningrad_.xml.gz" toDoc="my/2015_11_1193.xml.gz">
  <link xtargets="1.1;1.1" />
  <link xtargets="1.2;1.2" />
  <link xtargets="1.3;1.3" />
  <link xtargets="1.4;1.4" />
  <link xtargets="2.1;2.1" />
  <link xtargets="3.1;3.1" />
  <link xtargets="4.1;4.1" />
  <link xtargets="5.1;5.1" />
  <link xtargets="6.1;6.1" />
  <link xtargets="6.2;6.2" />
  <link xtargets="7.1;7.1" />
  <link xtargets="8.1;8.1" />
  <link xtargets="8.2;8.3" />
  <link xtargets="8.3;8.4" />
  <link xtargets="8.4;8.7" />
  <link xtargets="8.5;8.9" />
  <link xtargets="9.1;9.1" />
  <link xtargets="9.2;9.2" />
  <link xtargets="9.3;9.3" />
  <link xtargets="9.4;9.4" />
  <link xtargets="9.5;9.5" />
  <link xtargets="9.6;9.7" />
  <link xtargets="9.7;9.8" />
  <link xtargets="9.8;9.9" />
 </linkGrp>
 <linkGrp targType="s" fromDoc="en/2015_01_21_leading-cause-of-death-in-developing-countries-environment-pollution_.xml.gz" toDoc="my/2015_11_1204.xml.gz">
  <link xtargets="1.1;1.1 1.2" />
  <link xtargets="1.3;1.3" />
  <link xtargets="1.4;2.3" />
  <link xtargets="2.1;2.4" />
  <link xtargets="3.1;3.1" />
  <link xtargets="4.1;5.2" />
  <link xtargets="5.1 6.1;6.1" />
  <link xtargets="7.1;7.1" />
  <link xtargets="7.2;7.4" />
  <link xtargets="8.1;8.2" />
  <link xtargets="8.2;8.3" />
  <link xtargets="8.3;8.4" />
  <link xtargets="9.1;9.1 9.2" />
  <link xtargets="9.2;9.10" />
  <link xtargets="10.1;10.2" />
  <link xtargets="10.3;10.5" />
  <link xtargets="10.4;10.6" />
  <link xtargets="10.5;10.9" />
  <link xtargets="11.1;11.2" />
  <link xtargets="11.2;11.3" />
  <link xtargets="12.1;14.4" />
  <link xtargets="13.1;14.5" />
  <link xtargets="13.2;14.6" />
  <link xtargets="13.3;14.7" />
  <link xtargets="13.4;14.8" />
  <link xtargets="13.5;14.12" />
  <link xtargets="13.6;14.13" />
  <link xtargets="14.1;15.1" />
  <link xtargets="14.2;15.2" />
  <link xtargets="15.1;16.1" />
  <link xtargets="15.2;16.2" />
  <link xtargets="15.3;16.4" />
  <link xtargets="15.4;16.5" />
  <link xtargets="15.5;16.6" />
  <link xtargets="16.1;17.1" />
  <link xtargets="16.2;17.2" />
  <link xtargets="16.3;17.3" />
  <link xtargets="16.4;17.4" />
  <link xtargets="16.5;17.5" />
  <link xtargets="16.6;17.7" />
  <link xtargets="16.7;17.8" />
  <link xtargets="16.8;19.1" />
  <link xtargets="17.1;21.1" />
  <link xtargets="18.2;19.4" />
  <link xtargets="18.3;19.5" />
  <link xtargets="18.4;19.6" />
  <link xtargets="18.5;19.7" />
  <link xtargets="18.6;19.8" />
  <link xtargets="19.1;20.1" />
  <link xtargets="20.1;21.1" />
  <link xtargets="20.2 20.3 21.1;21.2" />
  <link xtargets="21.2;21.3" />
  <link xtargets="21.3;22.1" />
  <link xtargets="22.1;22.2" />
  <link xtargets="23.1;23.1" />
  <link xtargets="23.2;23.2" />
  <link xtargets="23.3;23.3" />
  <link xtargets="24.1;24.1" />
  <link xtargets="24.2;25.1" />
  <link xtargets="24.3;26.4" />
  <link xtargets="24.4;26.6" />
  <link xtargets="25.1;27.1" />
  <link xtargets="25.2;27.2" />
  <link xtargets="26.1;28.1" />
  <link xtargets="26.2;28.2" />
  <link xtargets="27.1;29.1" />
  <link xtargets="27.2;29.2" />
  <link xtargets="28.1;30.1" />
  <link xtargets="28.2;30.2" />
 </linkGrp>
 <linkGrp targType="s" fromDoc="en/2015_03_21_cambodias-women-bloggers-cloghers-document-challenges-of-rural-life_.xml.gz" toDoc="my/2015_12_1201.xml.gz">
  <link xtargets="1.1;1.1" />
  <link xtargets="2.1;2.1" />
  <link xtargets="2.2;3.1 3.2" />
  <link xtargets="2.3;4.1" />
  <link xtargets="3.1;4.2" />
  <link xtargets="3.2;4.3" />
  <link xtargets="3.3;4.4" />
  <link xtargets="4.1;4.5" />
  <link xtargets="4.2;5.1" />
  <link xtargets="4.3;6.2" />
  <link xtargets="5.1;7.1" />
  <link xtargets="6.1;8.1" />
  <link xtargets="6.2;8.2 8.3" />
  <link xtargets="6.3;8.4" />
  <link xtargets="6.4;8.5" />
  <link xtargets="6.5;8.6" />
  <link xtargets="6.6;8.16" />
  <link xtargets="6.8;8.24" />
  <link xtargets="6.10;8.25" />
  <link xtargets="6.11;8.28" />
  <link xtargets="6.12;8.29" />
  <link xtargets="7.1;9.1" />
  <link xtargets="7.2;9.2" />
  <link xtargets="7.3;9.3 9.4" />
  <link xtargets="8.1;10.1" />
  <link xtargets="8.2;10.2" />
  <link xtargets="8.3;10.3" />
  <link xtargets="8.4;10.7" />
  <link xtargets="8.5;10.8" />
  <link xtargets="8.6;10.9" />
  <link xtargets="8.7;10.10" />
  <link xtargets="8.8;10.11" />
  <link xtargets="9.1;10.12" />
  <link xtargets="9.2;11.1" />
  <link xtargets="10.1;12.1" />
  <link xtargets="10.2;12.2" />
  <link xtargets="10.3;12.3" />
  <link xtargets="10.4;12.4" />
  <link xtargets="10.5;12.6" />
  <link xtargets="10.6;12.8" />
  <link xtargets="10.7;12.9" />
  <link xtargets="10.8;12.10" />
  <link xtargets="10.9;12.11" />
  <link xtargets="10.10;12.12" />
  <link xtargets="10.11;12.13" />
 </linkGrp>
 <linkGrp targType="s" fromDoc="en/2015_07_27_learn-40-aboriginal-hand-signs-used-to-communicate-across-western-australias-desert_.xml.gz" toDoc="my/2015_12_1217.xml.gz">
  <link xtargets="1.1;1.1" />
  <link xtargets="2.1;2.1" />
  <link xtargets="2.2;2.2" />
  <link xtargets="4.1;3.1" />
  <link xtargets="5.1;4.1" />
  <link xtargets="5.2;5.1" />
  <link xtargets="6.1;5.2" />
  <link xtargets="6.2 6.3;5.3" />
  <link xtargets="6.4;5.7" />
  <link xtargets="6.5;5.11" />
  <link xtargets="6.6;6.1" />
  <link xtargets="7.1;7.1" />
  <link xtargets="8.1 8.2;7.2" />
  <link xtargets="8.3;7.3" />
  <link xtargets="8.4;7.4" />
  <link xtargets="8.5;7.5" />
  <link xtargets="8.6;7.6 7.7 7.8" />
  <link xtargets="8.7;7.9" />
  <link xtargets="8.8;7.10" />
 </linkGrp>
 <linkGrp targType="s" fromDoc="en/2015_07_26_reality-tvs-new-stars-are-tanzanian-farmers_.xml.gz" toDoc="my/2016_01_1242.xml.gz">
  <link xtargets="1.1;1.1" />
  <link xtargets="2.1;2.1" />
  <link xtargets="3.1;3.2" />
  <link xtargets="4.1;4.1" />
  <link xtargets="4.2;4.2" />
  <link xtargets="5.1;5.1" />
  <link xtargets="5.2;5.2" />
  <link xtargets="5.3;5.3" />
  <link xtargets="5.4;5.4" />
  <link xtargets="6.1;6.1" />
  <link xtargets="6.2;6.3" />
  <link xtargets="6.3;6.4" />
  <link xtargets="6.4;6.5 6.6" />
  <link xtargets="6.5;6.7" />
  <link xtargets="6.6;6.8" />
  <link xtargets="7.1;7.1" />
  <link xtargets="8.1;8.1" />
  <link xtargets="8.2;8.2" />
  <link xtargets="9.1;9.1 9.2" />
  <link xtargets="9.2;9.3" />
  <link xtargets="9.3;9.4" />
  <link xtargets="10.1;10.1" />
  <link xtargets="10.2;10.2" />
  <link xtargets="10.3;10.4" />
  <link xtargets="10.4 10.5;10.5" />
  <link xtargets="10.6;10.6" />
  <link xtargets="11.1;11.1" />
  <link xtargets="11.2;11.2" />
  <link xtargets="12.1;12.1" />
  <link xtargets="13.1;13.1" />
  <link xtargets="13.2;13.2" />
  <link xtargets="13.3;13.3" />
  <link xtargets="13.4;13.5" />
  <link xtargets="13.5;13.6" />
  <link xtargets="13.6;13.7" />
  <link xtargets="13.7 14.1;14.1" />
  <link xtargets="14.2;14.2" />
  <link xtargets="14.3;14.3" />
  <link xtargets="15.1;15.1" />
 </linkGrp>
 <linkGrp targType="s" fromDoc="en/2015_12_30_2015-was-a-breakthrough-year-for-sexual-diversity_.xml.gz" toDoc="my/2016_01_1249.xml.gz">
  <link xtargets="1.1;1.1" />
  <link xtargets="1.2;1.2" />
  <link xtargets="1.3;1.3" />
  <link xtargets="1.4;1.5" />
  <link xtargets="2.1;2.2" />
  <link xtargets="2.2;2.3" />
  <link xtargets="3.1;3.1 3.2" />
  <link xtargets="3.2;3.3" />
  <link xtargets="3.3;3.8" />
  <link xtargets="3.4;3.9" />
  <link xtargets="3.5;3.10 3.11" />
  <link xtargets="3.6;3.12" />
  <link xtargets="3.7;3.13" />
  <link xtargets="3.8;3.14 3.15" />
  <link xtargets="3.9;3.16" />
  <link xtargets="3.10;3.17" />
  <link xtargets="4.1;4.1" />
  <link xtargets="4.2;4.4" />
  <link xtargets="5.1;5.1" />
  <link xtargets="5.2;5.2" />
  <link xtargets="5.3 6.1;5.3" />
  <link xtargets="6.2;5.4" />
  <link xtargets="6.3;5.5" />
  <link xtargets="6.4;5.6" />
  <link xtargets="6.5;5.7" />
  <link xtargets="6.6;5.8" />
  <link xtargets="6.7;5.9" />
  <link xtargets="6.8;5.10" />
  <link xtargets="7.1;5.11" />
  <link xtargets="7.2;5.12" />
  <link xtargets="7.3;6.1" />
  <link xtargets="8.1;6.2" />
  <link xtargets="8.2;6.3" />
  <link xtargets="8.3;6.4 6.5" />
  <link xtargets="9.1;6.6" />
  <link xtargets="9.2;6.11" />
  <link xtargets="9.3;7.1" />
  <link xtargets="10.1;7.2" />
  <link xtargets="10.2;7.3" />
  <link xtargets="10.3;7.4" />
  <link xtargets="10.4;7.7" />
  <link xtargets="10.5;7.9" />
  <link xtargets="10.6;7.10" />
  <link xtargets="10.7;7.12" />
  <link xtargets="10.8;7.13" />
  <link xtargets="10.9;7.14 7.15" />
  <link xtargets="10.10;7.16" />
  <link xtargets="10.11;7.17" />
 </linkGrp>
 <linkGrp targType="s" fromDoc="en/2015_12_22_countries-declare-states-of-emergency-in-the-face-of-el-nino_.xml.gz" toDoc="my/2016_01_1266.xml.gz">
  <link xtargets="1.1;1.2" />
  <link xtargets="1.2;2.5" />
  <link xtargets="2.1;3.1" />
  <link xtargets="3.1;4.1" />
  <link xtargets="4.1;4.5" />
  <link xtargets="4.2;4.6" />
  <link xtargets="5.1;5.1" />
  <link xtargets="5.2;5.2" />
  <link xtargets="6.1;6.1" />
  <link xtargets="6.2;6.2" />
  <link xtargets="6.3;6.3" />
  <link xtargets="6.4;6.4" />
  <link xtargets="7.1;7.1" />
  <link xtargets="7.2;7.2" />
  <link xtargets="8.1;8.7" />
  <link xtargets="8.2;9.1" />
  <link xtargets="8.3;10.1" />
  <link xtargets="8.4;11.1" />
  <link xtargets="8.5;11.2" />
  <link xtargets="8.6;11.3" />
  <link xtargets="8.7;11.4" />
  <link xtargets="8.8;11.5" />
  <link xtargets="9.1;11.6" />
  <link xtargets="9.2;11.7 11.8" />
  <link xtargets="9.3;11.9" />
  <link xtargets="9.4;11.10" />
  <link xtargets="9.5;11.11" />
  <link xtargets="9.6;11.12" />
  <link xtargets="9.7;11.13" />
  <link xtargets="9.8;11.16" />
  <link xtargets="10.1;12.1" />
  <link xtargets="11.1;13.1" />
  <link xtargets="11.2;14.1" />
  <link xtargets="11.3;15.1" />
  <link xtargets="11.4;15.3" />
  <link xtargets="12.1;16.1" />
  <link xtargets="13.1;16.2 17.1" />
  <link xtargets="13.2;18.2" />
  <link xtargets="13.3;20.2" />
  <link xtargets="13.4;20.3" />
  <link xtargets="14.1;21.1" />
  <link xtargets="14.2;21.2" />
  <link xtargets="14.3;22.2" />
  <link xtargets="14.4;23.1" />
  <link xtargets="14.5;24.2" />
  <link xtargets="14.6;24.3" />
  <link xtargets="14.7;25.1" />
  <link xtargets="14.8;26.1" />
  <link xtargets="14.9;26.3" />
  <link xtargets="14.10;26.4" />
  <link xtargets="15.1;27.1" />
  <link xtargets="15.2;27.2" />
 </linkGrp>
 <linkGrp targType="s" fromDoc="en/2013_01_30_two-versions-of-maos-china-history-retouched-as-propaganda_.xml.gz" toDoc="my/2016_03_1285.xml.gz">
  <link xtargets="1.1;1.1" />
  <link xtargets="1.2;1.3" />
  <link xtargets="2.1;2.1" />
  <link xtargets="2.2;2.2" />
  <link xtargets="3.1;2.3 3.1" />
  <link xtargets="4.1;4.1 4.2" />
  <link xtargets="4.2;4.3" />
  <link xtargets="5.1;5.1" />
  <link xtargets="5.2;5.2" />
  <link xtargets="6.1;6.1" />
  <link xtargets="7.1;7.2" />
  <link xtargets="8.1;8.1" />
  <link xtargets="8.2;8.2" />
  <link xtargets="9.1;10.1" />
  <link xtargets="10.2;10.8" />
  <link xtargets="11.1;11.1" />
  <link xtargets="11.2;11.2" />
  <link xtargets="12.1 12.2;12.1" />
  <link xtargets="13.1;12.2" />
  <link xtargets="13.2;13.1" />
  <link xtargets="13.3;13.2" />
 </linkGrp>
 <linkGrp targType="s" fromDoc="en/2016_03_18_colorized-photos-show-street-scenes-of-vietnam-singapore-and-the-philippines-during-the-20th-century_.xml.gz" toDoc="my/2016_05_1298.xml.gz">
  <link xtargets="1.1;1.1 1.2" />
  <link xtargets="1.2;1.3 1.4 1.5" />
  <link xtargets="2.1;2.1 2.2" />
  <link xtargets="3.1;3.1" />
  <link xtargets="3.2;3.2" />
  <link xtargets="3.3;3.3" />
  <link xtargets="3.4;4.1" />
  <link xtargets="3.5;4.2" />
  <link xtargets="4.1;5.1" />
  <link xtargets="5.1;6.1 6.2 6.3" />
  <link xtargets="6.1;7.1 7.2 7.3" />
  <link xtargets="7.1;8.1 8.2 8.3" />
  <link xtargets="8.1;9.1 9.2 9.3" />
  <link xtargets="8.2;9.4" />
  <link xtargets="8.3;10.1" />
  <link xtargets="8.4;10.2" />
  <link xtargets="8.5;10.3" />
  <link xtargets="8.6;10.4" />
  <link xtargets="9.1;11.1 11.2 11.3" />
  <link xtargets="9.2;11.4" />
  <link xtargets="10.1;12.1" />
  <link xtargets="10.2;12.2" />
  <link xtargets="11.2;13.2" />
  <link xtargets="11.3;13.3" />
  <link xtargets="12.1;14.1" />
  <link xtargets="12.2;14.2" />
  <link xtargets="13.1;15.1" />
  <link xtargets="13.2;15.2" />
  <link xtargets="13.3;15.3" />
  <link xtargets="13.4;15.4" />
  <link xtargets="13.5;16.1" />
  <link xtargets="13.6;16.2" />
  <link xtargets="14.1 14.2;17.1" />
  <link xtargets="14.3;17.2" />
  <link xtargets="15.1;18.1" />
  <link xtargets="15.3;18.2" />
  <link xtargets="16.1;19.1" />
  <link xtargets="16.3;19.2" />
  <link xtargets="17.1;20.1" />
  <link xtargets="17.3;20.2" />
 </linkGrp>
 <linkGrp targType="s" fromDoc="en/2016_06_02_is-social-media-helping-to-perpetuate-violence-in-afghanistan_.xml.gz" toDoc="my/2016_06_1342.xml.gz">
  <link xtargets="1.1;1.1" />
  <link xtargets="1.2;1.2" />
  <link xtargets="1.3;1.3" />
  <link xtargets="1.4;1.4" />
  <link xtargets="2.1;2.1" />
  <link xtargets="2.2;2.2" />
  <link xtargets="3.1;3.1" />
  <link xtargets="3.2;3.2" />
  <link xtargets="3.3;3.3" />
  <link xtargets="3.4;3.4" />
  <link xtargets="3.5;4.1" />
  <link xtargets="3.6;4.2" />
  <link xtargets="4.1 5.1;4.3" />
  <link xtargets="6.1;7.1" />
  <link xtargets="6.2;7.2" />
  <link xtargets="6.3;7.3" />
  <link xtargets="7.1;8.1" />
  <link xtargets="8.1;9.1" />
  <link xtargets="9.1;10.1" />
  <link xtargets="10.1;11.1" />
  <link xtargets="11.1;12.1" />
  <link xtargets="11.2;12.2" />
  <link xtargets="12.1;13.1" />
  <link xtargets="12.2;13.2" />
  <link xtargets="12.3;13.3" />
  <link xtargets="12.4;13.4" />
  <link xtargets="12.5;13.5" />
  <link xtargets="12.6;13.6" />
  <link xtargets="12.7;14.1" />
  <link xtargets="12.8;14.2" />
  <link xtargets="12.9;14.3" />
  <link xtargets="12.10;14.4" />
  <link xtargets="13.1;15.1" />
  <link xtargets="14.1;16.1" />
  <link xtargets="15.1;17.1" />
  <link xtargets="16.1;18.1" />
  <link xtargets="17.1;18.3 18.4" />
  <link xtargets="17.2;18.5 18.6" />
  <link xtargets="18.1 18.2;19.1" />
  <link xtargets="18.3;19.2" />
  <link xtargets="18.4;19.3" />
  <link xtargets="19.1;19.4" />
  <link xtargets="20.1;19.5" />
  <link xtargets="20.2;20.1" />
 </linkGrp>
 <linkGrp targType="s" fromDoc="en/2016_06_10_a-grandmother-and-granddaughter-in-india-are-making-beautiful-media-together_.xml.gz" toDoc="my/2016_06_1354.xml.gz">
  <link xtargets="1.1;1.1" />
  <link xtargets="1.2;1.2" />
  <link xtargets="1.3;8.11" />
  <link xtargets="2.2;2.2" />
  <link xtargets="2.3;2.3" />
  <link xtargets="3.1;3.1" />
  <link xtargets="3.2;3.2" />
  <link xtargets="3.3;3.6" />
  <link xtargets="4.1;4.1" />
  <link xtargets="4.2;4.2" />
  <link xtargets="4.3;4.3" />
  <link xtargets="5.1;5.1" />
  <link xtargets="5.2;5.2" />
  <link xtargets="5.3;5.3" />
  <link xtargets="5.4;5.4" />
  <link xtargets="5.5;5.5" />
  <link xtargets="6.1;6.1" />
  <link xtargets="7.1;7.1" />
  <link xtargets="7.2;7.2" />
  <link xtargets="8.1;7.8" />
  <link xtargets="8.2;7.11" />
  <link xtargets="8.3 8.4;7.12" />
  <link xtargets="8.5;8.1" />
  <link xtargets="8.6;8.2" />
  <link xtargets="8.7;8.3" />
  <link xtargets="8.8;8.4" />
  <link xtargets="9.1;8.5" />
  <link xtargets="9.3;8.10" />
  <link xtargets="9.4;9.1" />
  <link xtargets="9.5;9.2" />
  <link xtargets="9.6;9.3" />
  <link xtargets="9.7;9.4" />
  <link xtargets="9.8 9.9;10.1" />
  <link xtargets="10.1;10.2" />
  <link xtargets="11.1;10.3" />
  <link xtargets="11.2;10.5" />
  <link xtargets="11.3;10.6" />
  <link xtargets="12.1;10.7 10.8" />
  <link xtargets="12.2;11.1" />
  <link xtargets="12.4;11.2" />
  <link xtargets="12.5;11.3" />
  <link xtargets="13.1;11.5" />
  <link xtargets="13.3;11.6" />
  <link xtargets="13.4;11.7" />
  <link xtargets="13.5;11.8" />
  <link xtargets="13.6;11.13" />
  <link xtargets="13.7;11.14" />
  <link xtargets="14.1;12.1" />
  <link xtargets="15.1;12.2" />
  <link xtargets="15.2;12.3" />
  <link xtargets="15.3;12.4 12.5" />
  <link xtargets="16.1;13.1" />
  <link xtargets="16.2;13.3" />
  <link xtargets="16.3;13.4" />
  <link xtargets="16.4;13.5" />
  <link xtargets="17.1;14.1" />
  <link xtargets="17.2;14.9" />
  <link xtargets="17.3;14.10" />
  <link xtargets="17.4;14.11" />
  <link xtargets="17.5;14.12" />
  <link xtargets="17.6;14.13 14.14 14.15" />
  <link xtargets="17.7;14.16" />
  <link xtargets="17.8;14.19" />
 </linkGrp>
 <linkGrp targType="s" fromDoc="en/2016_08_25_earthquake-destroys-more-than-200-ancient-temples-in-myanmar_.xml.gz" toDoc="my/2016_09_1378.xml.gz">
  <link xtargets="1.1;1.1" />
  <link xtargets="1.2;1.2" />
  <link xtargets="1.3 2.1;1.3" />
  <link xtargets="3.1 3.2;1.4" />
  <link xtargets="3.3;2.1" />
  <link xtargets="4.1 4.2;2.2" />
  <link xtargets="5.1 5.2;3.1" />
  <link xtargets="6.1;3.2" />
  <link xtargets="6.2;3.3" />
  <link xtargets="7.1;4.1" />
  <link xtargets="7.2 8.1;4.2" />
 </linkGrp>
 <linkGrp targType="s" fromDoc="en/2016_09_15_a-former-street-child-in-mumbai-builds-a-cafe-cum-library-for-homeless-youth_.xml.gz" toDoc="my/2016_10_1396.xml.gz">
  <link xtargets="1.2;1.2" />
  <link xtargets="1.3;1.3" />
  <link xtargets="2.1;2.1" />
  <link xtargets="2.2;2.2" />
  <link xtargets="3.1;3.1" />
  <link xtargets="3.2;3.2" />
  <link xtargets="3.3;3.3" />
  <link xtargets="3.4;3.4" />
  <link xtargets="3.5;3.9" />
  <link xtargets="4.1;4.1" />
  <link xtargets="4.2;4.2 4.3" />
  <link xtargets="4.3;4.4" />
  <link xtargets="4.4;4.5" />
  <link xtargets="5.1;5.2" />
  <link xtargets="5.2;5.3" />
  <link xtargets="6.1;6.2" />
  <link xtargets="6.2;6.3" />
  <link xtargets="6.3;6.4" />
  <link xtargets="6.4;7.1" />
  <link xtargets="7.1;7.2" />
  <link xtargets="7.2;7.3" />
  <link xtargets="8.1;8.1" />
  <link xtargets="9.1;9.1" />
  <link xtargets="9.2;9.2" />
  <link xtargets="10.1;10.1" />
  <link xtargets="10.2;10.2" />
  <link xtargets="10.3;10.3" />
  <link xtargets="11.1;11.3" />
  <link xtargets="12.1;12.1" />
  <link xtargets="13.1;13.1" />
  <link xtargets="13.2;13.2" />
  <link xtargets="14.1;14.1" />
  <link xtargets="14.2;14.2" />
  <link xtargets="15.1;15.1" />
  <link xtargets="15.2;15.2" />
  <link xtargets="16.1;16.1 16.2 16.3" />
  <link xtargets="17.1;17.1" />
  <link xtargets="18.1;18.1" />
  <link xtargets="18.2;18.2" />
  <link xtargets="19.1;19.1" />
  <link xtargets="19.2;19.2" />
  <link xtargets="20.1;20.1" />
  <link xtargets="20.2;20.2" />
  <link xtargets="21.1;21.1" />
  <link xtargets="22.1;22.1" />
  <link xtargets="23.1;23.1" />
  <link xtargets="24.1;24.1" />
  <link xtargets="25.1;24.2" />
  <link xtargets="25.2;24.3" />
  <link xtargets="25.3;24.4" />
  <link xtargets="25.4;24.6" />
  <link xtargets="25.5;24.7" />
  <link xtargets="26.1;24.8 25.1 26.1" />
  <link xtargets="26.3;26.2" />
  <link xtargets="26.4;26.13" />
  <link xtargets="26.5;26.16" />
  <link xtargets="26.6;26.17" />
  <link xtargets="26.7;26.20" />
 </linkGrp>
 <linkGrp targType="s" fromDoc="en/2016_08_16_israel-one-of-the-worlds-driest-countries-is-now-overflowing-with-water_.xml.gz" toDoc="my/2016_11_1405.xml.gz">
  <link xtargets="1.1;1.1" />
  <link xtargets="1.2;1.2" />
  <link xtargets="1.3;2.1" />
  <link xtargets="1.4;2.3" />
  <link xtargets="2.1;2.4 2.5" />
  <link xtargets="3.1;3.1" />
  <link xtargets="3.2;4.3" />
  <link xtargets="4.1;4.4" />
  <link xtargets="4.3;4.5" />
  <link xtargets="5.1;5.1 5.2 5.3" />
  <link xtargets="5.2;5.4" />
  <link xtargets="5.3;5.5" />
  <link xtargets="5.4;5.6" />
  <link xtargets="5.5;5.16" />
  <link xtargets="5.7;5.10" />
  <link xtargets="5.8;5.11" />
  <link xtargets="5.9;5.12" />
  <link xtargets="5.10;5.13" />
  <link xtargets="5.11;5.15" />
  <link xtargets="5.12;5.16" />
  <link xtargets="6.1;6.1 6.2" />
  <link xtargets="6.2;6.5" />
  <link xtargets="7.1;7.1" />
  <link xtargets="7.2;7.2" />
  <link xtargets="7.3;7.3" />
  <link xtargets="8.1;8.1 8.2" />
  <link xtargets="9.1;9.1" />
  <link xtargets="9.2;9.2" />
  <link xtargets="9.3;9.3" />
  <link xtargets="9.4;9.5" />
  <link xtargets="9.5;9.6" />
  <link xtargets="9.6;9.7" />
  <link xtargets="9.7;9.8" />
  <link xtargets="10.1;10.1" />
  <link xtargets="10.2;10.2 10.3 10.4" />
  <link xtargets="10.3;10.5" />
  <link xtargets="10.4;10.7" />
  <link xtargets="11.1;11.1" />
  <link xtargets="11.2;11.6" />
  <link xtargets="12.1;12.1" />
  <link xtargets="12.2;12.3" />
  <link xtargets="12.3;12.4" />
  <link xtargets="12.4;12.5" />
  <link xtargets="12.5 12.6;12.6" />
  <link xtargets="12.7;12.7 12.8" />
  <link xtargets="13.1;12.9 13.1" />
  <link xtargets="13.2;13.4" />
  <link xtargets="13.3;13.5" />
  <link xtargets="13.4;13.6" />
  <link xtargets="13.5;13.7" />
  <link xtargets="13.6;13.8" />
  <link xtargets="13.7;13.9" />
  <link xtargets="13.8;13.10" />
  <link xtargets="14.1;14.1" />
  <link xtargets="14.2;14.2" />
  <link xtargets="14.3;14.3" />
  <link xtargets="14.4;14.4" />
  <link xtargets="14.5;14.5" />
  <link xtargets="14.6;14.6" />
  <link xtargets="14.7;14.7 14.8" />
  <link xtargets="14.8;14.9" />
  <link xtargets="15.1;15.1" />
  <link xtargets="15.2;15.2" />
  <link xtargets="15.3;15.3" />
  <link xtargets="15.4;15.4 15.5" />
  <link xtargets="16.1;16.1" />
  <link xtargets="16.2;16.3" />
  <link xtargets="16.3;16.4" />
  <link xtargets="16.4;16.6" />
  <link xtargets="17.1;17.1" />
  <link xtargets="17.2;17.2 17.3" />
  <link xtargets="17.3;17.5" />
  <link xtargets="17.4;18.1" />
  <link xtargets="18.1;18.2 18.3" />
  <link xtargets="18.2;18.4" />
  <link xtargets="18.3;18.5" />
  <link xtargets="19.1;19.1" />
  <link xtargets="19.2;19.2" />
  <link xtargets="19.3;19.3" />
  <link xtargets="19.4;19.4" />
  <link xtargets="20.1 20.2;19.5" />
  <link xtargets="20.4;19.6" />
  <link xtargets="20.6;19.7" />
  <link xtargets="20.7;19.8" />
  <link xtargets="20.8;19.9" />
 </linkGrp>
 <linkGrp targType="s" fromDoc="en/2017_04_04_indian-techies-work-to-detect-fake-whatsapp-and-facebook-messages_.xml.gz" toDoc="my/2017_04_1519.xml.gz">
  <link xtargets="1.1;1.1" />
  <link xtargets="1.2;1.2" />
  <link xtargets="1.3;1.3" />
  <link xtargets="2.1;2.1" />
  <link xtargets="2.2;2.3" />
  <link xtargets="3.1;3.1" />
  <link xtargets="3.2;3.2" />
  <link xtargets="4.1;3.3" />
  <link xtargets="5.1;4.1" />
  <link xtargets="6.1;10.4" />
  <link xtargets="7.1;6.1" />
  <link xtargets="7.2;6.2" />
  <link xtargets="7.3;6.3" />
  <link xtargets="7.4;6.5" />
  <link xtargets="8.1;6.6" />
  <link xtargets="8.2;7.1 7.2" />
  <link xtargets="9.1;8.1" />
  <link xtargets="9.2;8.2" />
  <link xtargets="10.1;9.1" />
  <link xtargets="10.2;9.2" />
  <link xtargets="11.1;10.1" />
  <link xtargets="11.2;10.2" />
  <link xtargets="12.1 13.1;10.3" />
  <link xtargets="14.1;10.4" />
  <link xtargets="14.2;11.1" />
  <link xtargets="15.1;12.1" />
  <link xtargets="15.2;13.1" />
  <link xtargets="15.3;13.2" />
  <link xtargets="15.4;13.4" />
  <link xtargets="15.5;13.7" />
  <link xtargets="15.6;13.8" />
  <link xtargets="16.1;14.1" />
 </linkGrp>
 <linkGrp targType="s" fromDoc="en/2017_05_02_wikimujeres-wants-more-women-editors-to-fix-wikipedias-gender-imbalance_.xml.gz" toDoc="my/2017_07_1539.xml.gz">
  <link xtargets="1.1;1.1" />
  <link xtargets="1.2;1.2 1.3 1.4" />
  <link xtargets="1.3;1.5" />
  <link xtargets="1.4;1.6" />
  <link xtargets="2.1;2.3" />
  <link xtargets="2.2;2.4" />
  <link xtargets="3.1;3.1" />
  <link xtargets="3.2;3.2" />
  <link xtargets="3.3;3.4" />
  <link xtargets="3.4;3.6 3.7" />
  <link xtargets="3.5;3.8" />
  <link xtargets="4.1;4.1" />
  <link xtargets="5.1;5.1" />
 </linkGrp>
 <linkGrp targType="s" fromDoc="en/2017_07_28_philippines-on-facebooks-free-version-fake-news-is-even-harder-to-spot_.xml.gz" toDoc="my/2017_08_1549.xml.gz">
  <link xtargets="1.1 1.2;1.1" />
  <link xtargets="1.3;1.2" />
  <link xtargets="1.4;13.1" />
  <link xtargets="2.2;2.2" />
  <link xtargets="3.1;3.1" />
  <link xtargets="4.1;4.1" />
  <link xtargets="4.2;4.4" />
  <link xtargets="5.1;5.1" />
  <link xtargets="5.2;5.2 5.3" />
  <link xtargets="5.3;5.4" />
  <link xtargets="6.1;6.1" />
  <link xtargets="6.2;6.2 6.3 6.4" />
  <link xtargets="6.3;6.5" />
  <link xtargets="7.1;7.2" />
  <link xtargets="8.1;7.3" />
  <link xtargets="9.1;8.1" />
  <link xtargets="10.1;9.1" />
  <link xtargets="11.1;9.2" />
  <link xtargets="11.2 11.3;10.1" />
  <link xtargets="11.4;13.1" />
  <link xtargets="12.2;12.1" />
  <link xtargets="13.1;12.2" />
  <link xtargets="13.2;12.3 12.4" />
  <link xtargets="13.3;12.5" />
  <link xtargets="14.1;13.3" />
  <link xtargets="14.2;15.1" />
  <link xtargets="14.3;16.1" />
  <link xtargets="14.4;17.1" />
  <link xtargets="14.5;17.3" />
  <link xtargets="15.1;23.1" />
  <link xtargets="17.1;18.2" />
  <link xtargets="17.2 18.1;18.3" />
  <link xtargets="19.1;19.1" />
  <link xtargets="19.2;19.3" />
  <link xtargets="20.1;23.1" />
  <link xtargets="21.2 22.1;21.1" />
  <link xtargets="22.2;21.2" />
  <link xtargets="23.1;22.1 22.2" />
  <link xtargets="24.1;23.1" />
  <link xtargets="25.1;23.4" />
  <link xtargets="25.2;24.2" />
  <link xtargets="25.3;24.3" />
  <link xtargets="25.4;24.4" />
 </linkGrp>
 <linkGrp targType="s" fromDoc="en/2017_09_18_for-some-stunning-photos-of-japan-check-out-tokyo-camera-club_.xml.gz" toDoc="my/2017_10_1567.xml.gz">
  <link xtargets="1.1;1.1" />
  <link xtargets="1.2;1.2" />
  <link xtargets="1.3;1.3" />
  <link xtargets="2.1;2.1" />
  <link xtargets="2.2;2.2" />
  <link xtargets="2.3;2.4" />
  <link xtargets="3.1;3.1" />
  <link xtargets="3.2;3.2" />
  <link xtargets="4.1;4.1" />
  <link xtargets="4.2;4.2" />
  <link xtargets="4.3;4.3 4.4 4.5" />
  <link xtargets="4.4;4.7" />
  <link xtargets="4.5;4.8" />
  <link xtargets="4.6;4.9" />
  <link xtargets="4.7;4.10" />
  <link xtargets="5.1;5.1" />
 </linkGrp>
 <linkGrp targType="s" fromDoc="en/2017_09_10_theoccupation-of-wikipolitics-a-collective-commitment-to-democratic-reinvention-in-mexico_.xml.gz" toDoc="my/2017_10_1570.xml.gz">
  <link xtargets="1.1;1.1" />
  <link xtargets="1.2;1.2" />
  <link xtargets="1.3;1.4" />
  <link xtargets="2.1;2.1" />
  <link xtargets="3.1;3.2" />
  <link xtargets="3.2;3.3" />
  <link xtargets="3.3;3.5" />
  <link xtargets="3.4;3.8" />
  <link xtargets="4.1;4.1" />
  <link xtargets="5.1;5.1" />
  <link xtargets="6.1;6.1" />
  <link xtargets="7.1;7.1" />
  <link xtargets="7.2;7.3" />
  <link xtargets="8.1;8.1" />
  <link xtargets="9.1;9.1" />
  <link xtargets="9.2;10.1" />
  <link xtargets="10.1;10.2 10.3" />
  <link xtargets="10.2;10.4" />
  <link xtargets="10.3;10.10 10.11" />
  <link xtargets="11.1;11.1" />
  <link xtargets="11.2;11.2" />
  <link xtargets="11.3;11.3" />
  <link xtargets="11.4;11.7 11.8" />
  <link xtargets="11.5;11.9" />
  <link xtargets="12.1;12.1" />
  <link xtargets="12.2;12.3" />
  <link xtargets="12.3;12.4" />
  <link xtargets="12.4;12.6" />
  <link xtargets="12.5;12.8" />
  <link xtargets="12.6;12.9 12.10 12.11" />
  <link xtargets="12.7;12.15 12.16" />
  <link xtargets="12.8;12.17" />
  <link xtargets="13.1;13.1" />
  <link xtargets="13.2;13.3" />
  <link xtargets="13.3;13.4" />
  <link xtargets="13.4;13.6" />
  <link xtargets="14.1;14.1" />
  <link xtargets="14.2;14.2" />
 </linkGrp>
 <linkGrp targType="s" fromDoc="en/2018_10_13_will-fake-news-carry-brazils-favored-far-right-candidate-to-victory_.xml.gz" toDoc="my/2018_11_1613.xml.gz">
  <link xtargets="1.1;1.1" />
  <link xtargets="1.2;1.2" />
  <link xtargets="1.3;1.3" />
  <link xtargets="2.1;2.1 2.2" />
  <link xtargets="3.1;3.1 3.2" />
  <link xtargets="4.1;4.1" />
  <link xtargets="4.2;5.1" />
  <link xtargets="5.1;6.1" />
  <link xtargets="5.2;6.2" />
  <link xtargets="5.3;6.5" />
  <link xtargets="5.4;6.6" />
  <link xtargets="5.5;6.7" />
  <link xtargets="6.1;7.1" />
  <link xtargets="6.2;7.2" />
  <link xtargets="7.1;8.1" />
  <link xtargets="7.2;8.2" />
  <link xtargets="7.3;9.1" />
  <link xtargets="8.1;9.2 9.3" />
  <link xtargets="8.2;9.4" />
  <link xtargets="8.3;9.5" />
  <link xtargets="9.1;10.1" />
  <link xtargets="9.2;10.2" />
  <link xtargets="9.3 9.4;10.3" />
  <link xtargets="11.1;10.4" />
  <link xtargets="11.2;10.5" />
  <link xtargets="12.2;11.1" />
  <link xtargets="12.3 12.4;11.2" />
  <link xtargets="12.5;12.1" />
  <link xtargets="12.6;12.2" />
  <link xtargets="12.7;12.4" />
  <link xtargets="13.1;12.5" />
  <link xtargets="14.1;12.7" />
  <link xtargets="14.2;12.9" />
  <link xtargets="15.1;12.10" />
  <link xtargets="15.2;13.1" />
  <link xtargets="16.1;13.2" />
  <link xtargets="17.1;14.1" />
  <link xtargets="17.2;14.2" />
 </linkGrp>
</cesAlign>
