<?xml version="1.0" encoding="utf-8"?>
<!DOCTYPE cesAlign PUBLIC "-//CES//DTD XML cesAlign//EN" "">
<cesAlign version="1.0">
<linkGrp targType="s" fromDoc="en/account-plugins.xml.gz" toDoc="my/account-plugins.xml.gz">
<link xtargets="s1 ;s1" />
</linkGrp>
<linkGrp targType="s" fromDoc="en/accounts-service.xml.gz" toDoc="my/accounts-service.xml.gz">
<link xtargets="s1 ;s1" />
<link xtargets="s2 ;s2" />
<link xtargets="s3 ;s3" />
<link xtargets="s4 ;s4" />
<link xtargets="s5 ;s5" />
<link xtargets="s6 ;s6" />
<link xtargets="s7 ;s7" />
<link xtargets="s8 ;s8" />
<link xtargets="s9 ;s9" />
<link xtargets="s10 ;s10" />
</linkGrp>
<linkGrp targType="s" fromDoc="en/acl.xml.gz" toDoc="my/acl.xml.gz">
<link xtargets="s1 ;s1" />
<link xtargets="s2 ;s2" />
<link xtargets="s3 ;s3" />
<link xtargets="s4 ;s4" />
<link xtargets="s5 ;s5" />
<link xtargets="s6 ;s6" />
<link xtargets="s7 ;s7" />
<link xtargets="s8 ;s8" />
<link xtargets="s9 ;s9" />
</linkGrp>
<linkGrp targType="s" fromDoc="en/activity-log-manager.xml.gz" toDoc="my/activity-log-manager.xml.gz">
<link xtargets="s1 ;s1" />
<link xtargets="s3 ;s3" />
<link xtargets="s5 ;s5" />
<link xtargets="s10 ;s10" />
<link xtargets="s11 ;s11" />
<link xtargets="s12 ;s12" />
<link xtargets="s19 ;s19" />
<link xtargets="s21 ;s21" />
<link xtargets="s22 ;s22" />
<link xtargets="s23 ;s23" />
<link xtargets="s24 ;s24" />
<link xtargets="s25 ;s25" />
<link xtargets="s26 ;s26" />
<link xtargets="s27 ;s27" />
<link xtargets="s28 ;s28" />
<link xtargets="s29 ;s29" />
<link xtargets="s31 ;s31" />
<link xtargets="s53 ;s53" />
<link xtargets="s54 ;s54" />
<link xtargets="s55 ;s55" />
<link xtargets="s56 ;s56" />
<link xtargets="s57 ;s57" />
<link xtargets="s58 ;s58" />
</linkGrp>
<linkGrp targType="s" fromDoc="en/adduser.xml.gz" toDoc="my/adduser.xml.gz">
<link xtargets="s45 ;s45" />
<link xtargets="s46 ;s46" />
<link xtargets="s77 ;s77" />
</linkGrp>
<linkGrp targType="s" fromDoc="en/aisleriot.xml.gz" toDoc="my/aisleriot.xml.gz">
<link xtargets="s2 ;s2" />
<link xtargets="s6 ;s6" />
<link xtargets="s7 ;s7" />
<link xtargets="s10 ;s10" />
<link xtargets="s16 ;s16" />
<link xtargets="s18 ;s18" />
<link xtargets="s19 ;s19" />
<link xtargets="s27 ;s27" />
<link xtargets="s28 ;s28" />
<link xtargets="s31 ;s31" />
<link xtargets="s32 ;s32" />
<link xtargets="s34 ;s34" />
<link xtargets="s35 ;s35" />
<link xtargets="s43 ;s43" />
<link xtargets="s44 ;s44" />
<link xtargets="s45 ;s45" />
<link xtargets="s46 ;s46" />
<link xtargets="s47 ;s47" />
<link xtargets="s48 ;s48" />
<link xtargets="s49 ;s49" />
<link xtargets="s50 ;s50" />
<link xtargets="s51 ;s51" />
<link xtargets="s52 ;s52" />
<link xtargets="s60 ;s60" />
<link xtargets="s73 ;s73" />
<link xtargets="s87 ;s87" />
<link xtargets="s88 ;s88" />
<link xtargets="s147 ;s147" />
<link xtargets="s148 ;s148" />
<link xtargets="s149 ;s149" />
<link xtargets="s150 ;s150" />
<link xtargets="s151 ;s151" />
<link xtargets="s152 ;s152" />
<link xtargets="s153 ;s153" />
<link xtargets="s154 ;s154" />
<link xtargets="s155 ;s155" />
<link xtargets="s156 ;s156" />
<link xtargets="s157 ;s157" />
<link xtargets="s158 ;s158" />
<link xtargets="s159 ;s159" />
<link xtargets="s160 ;s160" />
<link xtargets="s236 ;s236" />
<link xtargets="s237 ;s237" />
<link xtargets="s238 ;s238" />
<link xtargets="s248 ;s248" />
</linkGrp>
<linkGrp targType="s" fromDoc="en/app-install-data.xml.gz" toDoc="my/app-install-data.xml.gz">
<link xtargets="s1 ;s1" />
<link xtargets="s2 ;s2" />
<link xtargets="s3 ;s3" />
<link xtargets="s4 ;s4" />
<link xtargets="s5 ;s5" />
<link xtargets="s6 ;s6" />
<link xtargets="s7 ;s7" />
<link xtargets="s9 ;s9" />
<link xtargets="s10 ;s10" />
<link xtargets="s11 ;s11" />
<link xtargets="s12 ;s12" />
<link xtargets="s13 ;s13" />
<link xtargets="s14 ;s14" />
<link xtargets="s15 ;s15" />
<link xtargets="s19 ;s19" />
<link xtargets="s20 ;s20" />
<link xtargets="s21 ;s21" />
<link xtargets="s22 ;s22" />
<link xtargets="s23 ;s23" />
<link xtargets="s24 ;s24" />
<link xtargets="s25 ;s25" />
<link xtargets="s26 ;s26" />
<link xtargets="s27 ;s27" />
<link xtargets="s28 ;s28" />
<link xtargets="s29 ;s29" />
<link xtargets="s30 ;s30" />
<link xtargets="s31 ;s31" />
<link xtargets="s32 ;s32" />
<link xtargets="s33 ;s33" />
<link xtargets="s34 ;s34" />
<link xtargets="s35 ;s35" />
<link xtargets="s36 ;s36" />
<link xtargets="s38 ;s38" />
<link xtargets="s39 ;s39" />
<link xtargets="s41 ;s41" />
<link xtargets="s42 ;s42" />
<link xtargets="s44 ;s44" />
<link xtargets="s45 ;s45" />
<link xtargets="s46 ;s46" />
<link xtargets="s47 ;s47" />
<link xtargets="s49 ;s49" />
<link xtargets="s50 ;s50" />
<link xtargets="s51 ;s51" />
<link xtargets="s52 ;s52" />
<link xtargets="s53 ;s53" />
<link xtargets="s54 ;s54" />
<link xtargets="s55 ;s55" />
<link xtargets="s56 ;s56" />
<link xtargets="s57 ;s57" />
<link xtargets="s58 ;s58" />
<link xtargets="s59 ;s59" />
<link xtargets="s60 ;s60" />
<link xtargets="s61 ;s61" />
<link xtargets="s62 ;s62" />
<link xtargets="s64 ;s64" />
<link xtargets="s65 ;s65" />
<link xtargets="s66 ;s66" />
<link xtargets="s68 ;s68" />
<link xtargets="s70 ;s70" />
<link xtargets="s72 ;s72" />
<link xtargets="s73 ;s73" />
<link xtargets="s75 ;s75" />
<link xtargets="s80 ;s80" />
<link xtargets="s81 ;s81" />
<link xtargets="s82 ;s82" />
<link xtargets="s84 ;s84" />
<link xtargets="s85 ;s85" />
<link xtargets="s86 ;s86" />
<link xtargets="s87 ;s87" />
<link xtargets="s89 ;s89" />
<link xtargets="s91 ;s91" />
<link xtargets="s92 ;s92" />
<link xtargets="s93 ;s93" />
<link xtargets="s94 ;s94" />
<link xtargets="s95 ;s95" />
<link xtargets="s96 ;s96" />
<link xtargets="s97 ;s97" />
<link xtargets="s98 ;s98" />
<link xtargets="s99 ;s99" />
<link xtargets="s100 ;s100" />
<link xtargets="s101 ;s101" />
<link xtargets="s102 ;s102" />
<link xtargets="s103 ;s103" />
<link xtargets="s104 ;s104" />
<link xtargets="s110 ;s110" />
<link xtargets="s111 ;s111" />
<link xtargets="s113 ;s113" />
<link xtargets="s114 ;s114" />
<link xtargets="s118 ;s118" />
<link xtargets="s122 ;s122" />
<link xtargets="s125 ;s125" />
<link xtargets="s126 ;s126" />
<link xtargets="s130 ;s130" />
<link xtargets="s131 ;s131" />
<link xtargets="s132 ;s132" />
<link xtargets="s133 ;s133" />
<link xtargets="s134 ;s134" />
<link xtargets="s135 ;s135" />
<link xtargets="s136 ;s136" />
<link xtargets="s137 ;s137" />
<link xtargets="s138 ;s138" />
<link xtargets="s139 ;s139" />
<link xtargets="s140 ;s140" />
<link xtargets="s141 ;s141" />
<link xtargets="s142 ;s142" />
<link xtargets="s143 ;s143" />
<link xtargets="s144 ;s144" />
<link xtargets="s145 ;s145" />
<link xtargets="s146 ;s146" />
<link xtargets="s147 ;s147" />
<link xtargets="s148 ;s148" />
<link xtargets="s149 ;s149" />
<link xtargets="s150 ;s150" />
<link xtargets="s151 ;s151" />
<link xtargets="s152 ;s152" />
<link xtargets="s154 ;s154" />
<link xtargets="s155 ;s155" />
<link xtargets="s156 ;s156" />
<link xtargets="s157 ;s157" />
<link xtargets="s158 ;s158" />
<link xtargets="s159 ;s159" />
<link xtargets="s160 ;s160" />
<link xtargets="s161 ;s161" />
<link xtargets="s162 ;s162" />
<link xtargets="s163 ;s163" />
<link xtargets="s164 ;s164" />
<link xtargets="s167 ;s167" />
<link xtargets="s168 ;s168" />
<link xtargets="s171 ;s171" />
<link xtargets="s172 ;s172" />
<link xtargets="s173 ;s173" />
<link xtargets="s174 ;s174" />
<link xtargets="s175 ;s175" />
<link xtargets="s176 ;s176" />
<link xtargets="s180 ;s180" />
<link xtargets="s181 ;s181" />
<link xtargets="s182 ;s182" />
<link xtargets="s183 ;s183" />
<link xtargets="s184 ;s184" />
<link xtargets="s185 ;s185" />
<link xtargets="s186 ;s186" />
<link xtargets="s187 ;s187" />
<link xtargets="s188 ;s188" />
<link xtargets="s191 ;s191" />
<link xtargets="s194 ;s194" />
<link xtargets="s195 ;s195" />
<link xtargets="s197 ;s197" />
<link xtargets="s199 ;s199" />
<link xtargets="s200 ;s200" />
<link xtargets="s201 ;s201" />
<link xtargets="s202 ;s202" />
<link xtargets="s205 ;s205" />
<link xtargets="s206 ;s206" />
<link xtargets="s207 ;s207" />
<link xtargets="s208 ;s208" />
<link xtargets="s209 ;s209" />
<link xtargets="s211 ;s211" />
<link xtargets="s212 ;s212" />
<link xtargets="s215 ;s215" />
<link xtargets="s216 ;s216" />
<link xtargets="s217 ;s217" />
<link xtargets="s218 ;s218" />
<link xtargets="s219 ;s219" />
<link xtargets="s221 ;s221" />
<link xtargets="s223 ;s223" />
<link xtargets="s224 ;s224" />
<link xtargets="s225 ;s225" />
<link xtargets="s226 ;s226" />
<link xtargets="s229 ;s229" />
<link xtargets="s230 ;s230" />
<link xtargets="s233 ;s233" />
<link xtargets="s234 ;s234" />
<link xtargets="s235 ;s235" />
<link xtargets="s236 ;s236" />
<link xtargets="s238 ;s238" />
<link xtargets="s239 ;s239" />
<link xtargets="s240 ;s240" />
<link xtargets="s241 ;s241" />
<link xtargets="s242 ;s242" />
<link xtargets="s243 ;s243" />
<link xtargets="s244 ;s244" />
<link xtargets="s245 ;s245" />
<link xtargets="s246 ;s246" />
<link xtargets="s247 ;s247" />
<link xtargets="s248 ;s248" />
<link xtargets="s249 ;s249" />
<link xtargets="s250 ;s250" />
<link xtargets="s251 ;s251" />
<link xtargets="s252 ;s252" />
<link xtargets="s253 ;s253" />
<link xtargets="s254 ;s254" />
<link xtargets="s263 ;s263" />
<link xtargets="s265 ;s265" />
<link xtargets="s266 ;s266" />
<link xtargets="s267 ;s267" />
<link xtargets="s268 ;s268" />
<link xtargets="s269 ;s269" />
<link xtargets="s270 ;s270" />
<link xtargets="s272 ;s272" />
<link xtargets="s273 ;s273" />
<link xtargets="s274 ;s274" />
<link xtargets="s275 ;s275" />
<link xtargets="s276 ;s276" />
<link xtargets="s277 ;s277" />
<link xtargets="s278 ;s278" />
<link xtargets="s279 ;s279" />
<link xtargets="s280 ;s280" />
<link xtargets="s281 ;s281" />
<link xtargets="s282 ;s282" />
<link xtargets="s283 ;s283" />
<link xtargets="s284 ;s284" />
<link xtargets="s285 ;s285" />
<link xtargets="s292 ;s292" />
<link xtargets="s293 ;s293" />
<link xtargets="s296 ;s296" />
<link xtargets="s297 ;s297" />
<link xtargets="s300 ;s300" />
<link xtargets="s302 ;s302" />
<link xtargets="s303 ;s303" />
<link xtargets="s304 ;s304" />
<link xtargets="s305 ;s305" />
<link xtargets="s306 ;s306" />
<link xtargets="s307 ;s307" />
<link xtargets="s308 ;s308" />
<link xtargets="s309 ;s309" />
<link xtargets="s310 ;s310" />
<link xtargets="s311 ;s311" />
<link xtargets="s312 ;s312" />
<link xtargets="s313 ;s313" />
<link xtargets="s314 ;s314" />
<link xtargets="s315 ;s315" />
<link xtargets="s316 ;s316" />
<link xtargets="s317 ;s317" />
<link xtargets="s318 ;s318" />
<link xtargets="s319 ;s319" />
<link xtargets="s320 ;s320" />
<link xtargets="s322 ;s322" />
<link xtargets="s325 ;s325" />
<link xtargets="s327 ;s327" />
<link xtargets="s328 ;s328" />
<link xtargets="s329 ;s329" />
<link xtargets="s330 ;s330" />
<link xtargets="s331 ;s331" />
<link xtargets="s332 ;s332" />
<link xtargets="s333 ;s333" />
<link xtargets="s334 ;s334" />
<link xtargets="s335 ;s335" />
<link xtargets="s336 ;s336" />
<link xtargets="s338 ;s338" />
<link xtargets="s340 ;s340" />
<link xtargets="s344 ;s344" />
<link xtargets="s347 ;s347" />
<link xtargets="s348 ;s348" />
<link xtargets="s349 ;s349" />
<link xtargets="s357 ;s357" />
<link xtargets="s361 ;s361" />
<link xtargets="s365 ;s365" />
<link xtargets="s366 ;s366" />
<link xtargets="s367 ;s367" />
<link xtargets="s368 ;s368" />
<link xtargets="s369 ;s369" />
<link xtargets="s370 ;s370" />
<link xtargets="s371 ;s371" />
<link xtargets="s377 ;s377" />
<link xtargets="s381 ;s381" />
<link xtargets="s428 ;s428" />
</linkGrp>
<linkGrp targType="s" fromDoc="en/apport.xml.gz" toDoc="my/apport.xml.gz">
<link xtargets="s3 ;s3" />
<link xtargets="s4 ;s4" />
<link xtargets="s7 ;s7" />
<link xtargets="s9 ;s9" />
<link xtargets="s10 ;s10" />
<link xtargets="s11 ;s11" />
<link xtargets="s16 ;s16" />
<link xtargets="s17 ;s17" />
<link xtargets="s20 ;s20" />
<link xtargets="s21 ;s21" />
<link xtargets="s22 ;s22" />
<link xtargets="s28 ;s28" />
<link xtargets="s30 ;s30" />
<link xtargets="s31 ;s31" />
<link xtargets="s32 ;s32" />
<link xtargets="s33 ;s33" />
<link xtargets="s34 ;s34" />
<link xtargets="s36 ;s36" />
<link xtargets="s38 ;s38" />
<link xtargets="s41 ;s41" />
<link xtargets="s43 ;s43" />
<link xtargets="s44 ;s44" />
<link xtargets="s45 ;s45" />
<link xtargets="s48 ;s48" />
<link xtargets="s49 ;s49" />
<link xtargets="s51 ;s51" />
<link xtargets="s53 ;s53" />
<link xtargets="s55 ;s55" />
<link xtargets="s57 ;s57" />
<link xtargets="s59 ;s59" />
<link xtargets="s62 ;s62" />
<link xtargets="s63 ;s63" />
<link xtargets="s64 ;s64" />
<link xtargets="s66 ;s66" />
<link xtargets="s68 ;s68" />
<link xtargets="s72 ;s72" />
<link xtargets="s74 ;s74" />
<link xtargets="s77 ;s77" />
<link xtargets="s78 ;s78" />
<link xtargets="s83 ;s83" />
<link xtargets="s101 ;s101" />
<link xtargets="s112 ;s112" />
<link xtargets="s115 ;s115" />
<link xtargets="s120 ;s120" />
<link xtargets="s122 ;s122" />
<link xtargets="s126 ;s126" />
<link xtargets="s127 ;s127" />
<link xtargets="s128 ;s128" />
<link xtargets="s129 ;s129" />
<link xtargets="s130 ;s130" />
<link xtargets="s131 ;s131" />
<link xtargets="s132 ;s132" />
<link xtargets="s133 ;s133" />
<link xtargets="s134 ;s134" />
<link xtargets="s135 ;s135" />
<link xtargets="s146 ;s146" />
<link xtargets="s161 ;s161" />
<link xtargets="s162 ;s162" />
<link xtargets="s163 ;s163" />
<link xtargets="s166 ;s166" />
<link xtargets="s168 ;s168" />
<link xtargets="s169 ;s169" />
<link xtargets="s170 ;s170" />
<link xtargets="s171 ;s171" />
<link xtargets="s172 ;s172" />
<link xtargets="s173 ;s173" />
<link xtargets="s174 ;s174" />
<link xtargets="s177 ;s177" />
<link xtargets="s179 ;s179" />
</linkGrp>
<linkGrp targType="s" fromDoc="en/aptdaemon.xml.gz" toDoc="my/aptdaemon.xml.gz">
<link xtargets="s2 ;s2" />
<link xtargets="s4 ;s4" />
<link xtargets="s6 ;s6" />
<link xtargets="s8 ;s8" />
<link xtargets="s9 ;s9" />
<link xtargets="s10 ;s10" />
<link xtargets="s14 ;s14" />
<link xtargets="s16 ;s16" />
<link xtargets="s18 ;s18" />
<link xtargets="s20 ;s20" />
<link xtargets="s22 ;s22" />
<link xtargets="s23 ;s23" />
<link xtargets="s24 ;s24" />
<link xtargets="s27 ;s27" />
<link xtargets="s30 ;s30" />
<link xtargets="s31 ;s31" />
<link xtargets="s32 ;s32" />
<link xtargets="s37 ;s37" />
<link xtargets="s42 ;s42" />
<link xtargets="s43 ;s43" />
<link xtargets="s44 ;s44" />
<link xtargets="s62 ;s62" />
<link xtargets="s76 ;s76" />
<link xtargets="s83 ;s83" />
<link xtargets="s87 ;s87" />
<link xtargets="s88 ;s88" />
<link xtargets="s89 ;s89" />
<link xtargets="s90 ;s90" />
<link xtargets="s91 ;s91" />
<link xtargets="s95 ;s95" />
<link xtargets="s97 ;s97" />
<link xtargets="s98 ;s98" />
<link xtargets="s101 ;s101" />
<link xtargets="s105 ;s105" />
<link xtargets="s120 ;s120" />
<link xtargets="s122 ;s122" />
<link xtargets="s155 ;s155" />
<link xtargets="s156 ;s156" />
<link xtargets="s157 ;s157" />
<link xtargets="s158 ;s158" />
</linkGrp>
<linkGrp targType="s" fromDoc="en/aptitude.xml.gz" toDoc="my/aptitude.xml.gz">
<link xtargets="s2 ;s2" />
<link xtargets="s3 ;s3" />
<link xtargets="s4 ;s4" />
<link xtargets="s5 ;s5" />
<link xtargets="s7 ;s7" />
<link xtargets="s8 ;s8" />
<link xtargets="s20 ;s20" />
<link xtargets="s22 ;s22" />
<link xtargets="s26 ;s26" />
<link xtargets="s120 ;s120" />
<link xtargets="s143 ;s143" />
<link xtargets="s160 ;s160" />
<link xtargets="s286 ;s286" />
<link xtargets="s289 ;s289" />
<link xtargets="s290 ;s290" />
<link xtargets="s291 ;s291" />
<link xtargets="s292 ;s292" />
<link xtargets="s437 ;s437" />
<link xtargets="s478 ;s478" />
<link xtargets="s548 ;s548" />
<link xtargets="s1014 ;s1014" />
<link xtargets="s1029 ;s1029" />
</linkGrp>
<linkGrp targType="s" fromDoc="en/apt-listchanges.xml.gz" toDoc="my/apt-listchanges.xml.gz">
<link xtargets="s1 ;s1" />
<link xtargets="s3 ;s3" />
<link xtargets="s4 ;s4" />
<link xtargets="s5 ;s5" />
<link xtargets="s6 ;s6" />
<link xtargets="s8 ;s8" />
<link xtargets="s10 ;s10" />
<link xtargets="s13 ;s13" />
<link xtargets="s18 ;s18" />
<link xtargets="s19 ;s19" />
<link xtargets="s23 ;s23" />
<link xtargets="s27 ;s27" />
<link xtargets="s28 ;s28" />
<link xtargets="s29 ;s29" />
</linkGrp>
<linkGrp targType="s" fromDoc="en/apturl.xml.gz" toDoc="my/apturl.xml.gz">
<link xtargets="s4 ;s4" />
<link xtargets="s7 ;s7" />
<link xtargets="s8 ;s8" />
<link xtargets="s9 ;s9" />
<link xtargets="s10 ;s10" />
<link xtargets="s11 ;s11" />
<link xtargets="s12 ;s12" />
<link xtargets="s13 ;s13" />
<link xtargets="s14 ;s14" />
<link xtargets="s19 ;s19" />
<link xtargets="s20 ;s20" />
<link xtargets="s25 ;s25" />
<link xtargets="s26 ;s26" />
<link xtargets="s27 ;s27" />
<link xtargets="s28 ;s28" />
</linkGrp>
<linkGrp targType="s" fromDoc="en/apt.xml.gz" toDoc="my/apt.xml.gz">
<link xtargets="s1 ;s1" />
<link xtargets="s2 ;s2" />
<link xtargets="s3 ;s3" />
<link xtargets="s4 ;s4" />
<link xtargets="s5 ;s5" />
<link xtargets="s6 ;s6" />
<link xtargets="s7 ;s7" />
<link xtargets="s8 ;s8" />
<link xtargets="s9 ;s9" />
<link xtargets="s10 ;s10" />
<link xtargets="s11 ;s11" />
<link xtargets="s12 ;s12" />
<link xtargets="s13 ;s13" />
<link xtargets="s14 ;s14" />
<link xtargets="s15 ;s15" />
<link xtargets="s16 ;s16" />
<link xtargets="s17 ;s17" />
<link xtargets="s18 ;s18" />
<link xtargets="s19 ;s19" />
<link xtargets="s20 ;s20" />
<link xtargets="s21 ;s21" />
<link xtargets="s22 ;s22" />
<link xtargets="s23 ;s23" />
<link xtargets="s24 ;s24" />
<link xtargets="s25 ;s25" />
<link xtargets="s26 ;s26" />
<link xtargets="s27 ;s27" />
<link xtargets="s28 ;s28" />
<link xtargets="s29 ;s29" />
<link xtargets="s30 ;s30" />
<link xtargets="s178 ;s178" />
</linkGrp>
<linkGrp targType="s" fromDoc="en/arkose.xml.gz" toDoc="my/arkose.xml.gz">
<link xtargets="s4 ;s4" />
</linkGrp>
<linkGrp targType="s" fromDoc="en/atk10.xml.gz" toDoc="my/atk10.xml.gz">
<link xtargets="s1 ;s1" />
<link xtargets="s9 ;s9" />
<link xtargets="s11 ;s11" />
<link xtargets="s13 ;s13" />
<link xtargets="s14 ;s14" />
<link xtargets="s18 ;s18" />
</linkGrp>
<linkGrp targType="s" fromDoc="en/avahi.xml.gz" toDoc="my/avahi.xml.gz">
<link xtargets="s1 ;s1" />
<link xtargets="s3 ;s3" />
<link xtargets="s5 ;s5" />
<link xtargets="s11 ;s11" />
<link xtargets="s15 ;s15" />
<link xtargets="s31 ;s31" />
<link xtargets="s33 ;s33" />
<link xtargets="s50 ;s50" />
<link xtargets="s51 ;s51" />
<link xtargets="s53 ;s53" />
<link xtargets="s60 ;s60" />
<link xtargets="s62 ;s62" />
<link xtargets="s63 ;s63" />
<link xtargets="s64 ;s64" />
<link xtargets="s67 ;s67" />
<link xtargets="s74 ;s74" />
<link xtargets="s76 ;s76" />
<link xtargets="s93 ;s93" />
<link xtargets="s104 ;s104" />
<link xtargets="s106 ;s106" />
<link xtargets="s107 ;s107" />
<link xtargets="s108 ;s108" />
<link xtargets="s113 ;s113" />
<link xtargets="s114 ;s114" />
<link xtargets="s115 ;s115" />
<link xtargets="s116 ;s116" />
</linkGrp>
<linkGrp targType="s" fromDoc="en/bacula.xml.gz" toDoc="my/bacula.xml.gz">
<link xtargets="s1 ;s1" />
<link xtargets="s2 ;s2" />
<link xtargets="s3 ;s3" />
<link xtargets="s4 ;s4" />
<link xtargets="s5 ;s5" />
<link xtargets="s6 ;s6" />
<link xtargets="s8 ;s8" />
<link xtargets="s9 ;s9" />
<link xtargets="s10 ;s10" />
<link xtargets="s12 ;s12" />
<link xtargets="s13 ;s13" />
<link xtargets="s15 ;s15" />
<link xtargets="s16 ;s16" />
<link xtargets="s18 ;s18" />
<link xtargets="s19 ;s19" />
<link xtargets="s20 ;s20" />
<link xtargets="s21 ;s21" />
<link xtargets="s22 ;s22" />
<link xtargets="s23 ;s23" />
<link xtargets="s24 ;s24" />
<link xtargets="s25 ;s25" />
<link xtargets="s26 ;s26" />
<link xtargets="s28 ;s28" />
<link xtargets="s29 ;s29" />
<link xtargets="s30 ;s30" />
<link xtargets="s31 ;s31" />
<link xtargets="s32 ;s32" />
<link xtargets="s33 ;s33" />
<link xtargets="s38 ;s38" />
<link xtargets="s39 ;s39" />
<link xtargets="s40 ;s40" />
<link xtargets="s41 ;s41" />
<link xtargets="s42 ;s42" />
<link xtargets="s44 ;s44" />
<link xtargets="s46 ;s46" />
<link xtargets="s47 ;s47" />
<link xtargets="s48 ;s48" />
<link xtargets="s49 ;s49" />
<link xtargets="s50 ;s50" />
<link xtargets="s51 ;s51" />
<link xtargets="s52 ;s52" />
<link xtargets="s53 ;s53" />
<link xtargets="s54 ;s54" />
<link xtargets="s55 ;s55" />
<link xtargets="s56 ;s56" />
<link xtargets="s57 ;s57" />
<link xtargets="s58 ;s58" />
<link xtargets="s59 ;s59" />
<link xtargets="s60 ;s60" />
<link xtargets="s61 ;s61" />
<link xtargets="s63 ;s63" />
<link xtargets="s64 ;s64" />
<link xtargets="s65 ;s65" />
<link xtargets="s66 ;s66" />
<link xtargets="s67 ;s67" />
<link xtargets="s69 ;s69" />
<link xtargets="s71 ;s71" />
<link xtargets="s72 ;s72" />
<link xtargets="s73 ;s73" />
<link xtargets="s74 ;s74" />
<link xtargets="s75 ;s75" />
<link xtargets="s76 ;s76" />
<link xtargets="s77 ;s77" />
<link xtargets="s78 ;s78" />
<link xtargets="s81 ;s81" />
<link xtargets="s82 ;s82" />
<link xtargets="s83 ;s83" />
<link xtargets="s84 ;s84" />
<link xtargets="s85 ;s85" />
<link xtargets="s87 ;s87" />
<link xtargets="s88 ;s88" />
<link xtargets="s89 ;s89" />
<link xtargets="s90 ;s90" />
<link xtargets="s91 ;s91" />
<link xtargets="s92 ;s92" />
<link xtargets="s93 ;s93" />
<link xtargets="s94 ;s94" />
<link xtargets="s96 ;s96" />
<link xtargets="s97 ;s97" />
<link xtargets="s98 ;s98" />
<link xtargets="s100 ;s100" />
</linkGrp>
<linkGrp targType="s" fromDoc="en/banshee.xml.gz" toDoc="my/banshee.xml.gz">
<link xtargets="s1 ;s1" />
<link xtargets="s2 ;s2" />
<link xtargets="s3 ;s3" />
<link xtargets="s11 ;s11" />
<link xtargets="s12 ;s12" />
<link xtargets="s13 ;s13" />
<link xtargets="s14 ;s14" />
<link xtargets="s18 ;s18" />
<link xtargets="s20 ;s20" />
<link xtargets="s25 ;s25" />
<link xtargets="s26 ;s26" />
<link xtargets="s27 ;s27" />
<link xtargets="s28 ;s28" />
<link xtargets="s29 ;s29" />
<link xtargets="s30 ;s30" />
<link xtargets="s31 ;s31" />
<link xtargets="s33 ;s33" />
<link xtargets="s37 ;s37" />
<link xtargets="s41 ;s41" />
<link xtargets="s53 ;s53" />
<link xtargets="s55 ;s55" />
<link xtargets="s56 ;s56" />
<link xtargets="s59 ;s59" />
<link xtargets="s64 ;s64" />
<link xtargets="s65 ;s65" />
<link xtargets="s67 ;s67" />
<link xtargets="s71 ;s71" />
<link xtargets="s74 ;s74" />
<link xtargets="s76 ;s76" />
<link xtargets="s80 ;s80" />
<link xtargets="s81 ;s81" />
<link xtargets="s82 ;s82" />
<link xtargets="s83 ;s83" />
<link xtargets="s86 ;s86" />
<link xtargets="s87 ;s87" />
<link xtargets="s90 ;s90" />
<link xtargets="s96 ;s96" />
<link xtargets="s97 ;s97" />
<link xtargets="s98 ;s98" />
<link xtargets="s101 ;s101" />
<link xtargets="s104 ;s104" />
<link xtargets="s105 ;s105" />
<link xtargets="s106 ;s106" />
<link xtargets="s107 ;s107" />
<link xtargets="s108 ;s108" />
<link xtargets="s112 ;s112" />
<link xtargets="s113 ;s113" />
<link xtargets="s116 ;s116" />
<link xtargets="s119 ;s119" />
<link xtargets="s120 ;s120" />
<link xtargets="s121 ;s121" />
<link xtargets="s122 ;s122" />
<link xtargets="s141 ;s141" />
<link xtargets="s142 ;s142" />
<link xtargets="s143 ;s143" />
<link xtargets="s144 ;s144" />
<link xtargets="s150 ;s150" />
<link xtargets="s159 ;s159" />
<link xtargets="s160 ;s160" />
<link xtargets="s162 ;s162" />
<link xtargets="s163 ;s163" />
<link xtargets="s165 ;s165" />
<link xtargets="s166 ;s166" />
<link xtargets="s167 ;s167" />
<link xtargets="s168 ;s168" />
<link xtargets="s169 ;s169" />
<link xtargets="s172 ;s172" />
<link xtargets="s174 ;s174" />
<link xtargets="s181 ;s181" />
<link xtargets="s196 ;s196" />
<link xtargets="s197 ;s197" />
<link xtargets="s200 ;s200" />
<link xtargets="s203 ;s203" />
<link xtargets="s204 ;s204" />
<link xtargets="s205 ;s205" />
<link xtargets="s206 ;s206" />
<link xtargets="s207 ;s207" />
<link xtargets="s208 ;s208" />
<link xtargets="s210 ;s210" />
<link xtargets="s211 ;s211" />
<link xtargets="s212 ;s212" />
<link xtargets="s213 ;s213" />
<link xtargets="s235 ;s235" />
<link xtargets="s237 ;s237" />
<link xtargets="s238 ;s238" />
<link xtargets="s239 ;s239" />
<link xtargets="s240 ;s240" />
<link xtargets="s241 ;s241" />
<link xtargets="s242 ;s242" />
<link xtargets="s243 ;s243" />
<link xtargets="s244 ;s244" />
<link xtargets="s245 ;s245" />
<link xtargets="s246 ;s246" />
<link xtargets="s247 ;s247" />
<link xtargets="s249 ;s249" />
<link xtargets="s250 ;s250" />
<link xtargets="s251 ;s251" />
<link xtargets="s252 ;s252" />
<link xtargets="s253 ;s253" />
<link xtargets="s254 ;s254" />
<link xtargets="s256 ;s256" />
<link xtargets="s259 ;s259" />
<link xtargets="s340 ;s340" />
<link xtargets="s367 ;s367" />
<link xtargets="s413 ;s413" />
<link xtargets="s416 ;s416" />
<link xtargets="s418 ;s418" />
<link xtargets="s741 ;s741" />
<link xtargets="s744 ;s744" />
<link xtargets="s820 ;s820" />
<link xtargets="s892 ;s892" />
<link xtargets="s895 ;s895" />
<link xtargets="s958 ;s958" />
<link xtargets="s1045 ;s1045" />
<link xtargets="s1238 ;s1238" />
<link xtargets="s1239 ;s1239" />
<link xtargets="s1331 ;s1331" />
<link xtargets="s1332 ;s1332" />
<link xtargets="s1395 ;s1395" />
</linkGrp>
<linkGrp targType="s" fromDoc="en/baobab.xml.gz" toDoc="my/baobab.xml.gz">
<link xtargets="s12 ;s12" />
<link xtargets="s21 ;s21" />
<link xtargets="s22 ;s22" />
<link xtargets="s23 ;s23" />
<link xtargets="s28 ;s28" />
<link xtargets="s29 ;s29" />
<link xtargets="s30 ;s30" />
<link xtargets="s31 ;s31" />
<link xtargets="s32 ;s32" />
<link xtargets="s35 ;s35" />
<link xtargets="s37 ;s37" />
<link xtargets="s38 ;s38" />
<link xtargets="s39 ;s39" />
<link xtargets="s40 ;s40" />
<link xtargets="s45 ;s45" />
<link xtargets="s46 ;s46" />
<link xtargets="s47 ;s47" />
<link xtargets="s48 ;s48" />
<link xtargets="s49 ;s49" />
<link xtargets="s51 ;s51" />
<link xtargets="s53 ;s53" />
<link xtargets="s55 ;s55" />
</linkGrp>
<linkGrp targType="s" fromDoc="en/bash.xml.gz" toDoc="my/bash.xml.gz">
<link xtargets="s14 ;s14" />
<link xtargets="s24 ;s24" />
<link xtargets="s25 ;s25" />
<link xtargets="s26 ;s26" />
<link xtargets="s30 ;s30" />
<link xtargets="s34 ;s34" />
<link xtargets="s35 ;s35" />
<link xtargets="s36 ;s36" />
<link xtargets="s43 ;s43" />
<link xtargets="s46 ;s46" />
<link xtargets="s47 ;s47" />
<link xtargets="s68 ;s68" />
<link xtargets="s71 ;s71" />
<link xtargets="s74 ;s74" />
<link xtargets="s77 ;s77" />
<link xtargets="s78 ;s78" />
<link xtargets="s80 ;s80" />
</linkGrp>
<linkGrp targType="s" fromDoc="en/bison-runtime.xml.gz" toDoc="my/bison-runtime.xml.gz">
<link xtargets="s1 ;s1" />
<link xtargets="s2 ;s2" />
<link xtargets="s3 ;s3" />
<link xtargets="s4 ;s4" />
<link xtargets="s5 ;s5" />
<link xtargets="s6 ;s6" />
<link xtargets="s7 ;s7" />
<link xtargets="s8 ;s8" />
<link xtargets="s9 ;s9" />
</linkGrp>
<linkGrp targType="s" fromDoc="en/bison.xml.gz" toDoc="my/bison.xml.gz">
<link xtargets="s1 ;s1" />
<link xtargets="s3 ;s3" />
<link xtargets="s8 ;s8" />
<link xtargets="s9 ;s9" />
<link xtargets="s10 ;s10" />
<link xtargets="s11 ;s11" />
<link xtargets="s12 ;s12" />
<link xtargets="s13 ;s13" />
<link xtargets="s14 ;s14" />
<link xtargets="s20 ;s20" />
<link xtargets="s21 ;s21" />
<link xtargets="s24 ;s24" />
<link xtargets="s27 ;s27" />
<link xtargets="s39 ;s39" />
<link xtargets="s40 ;s40" />
<link xtargets="s41 ;s41" />
<link xtargets="s48 ;s48" />
<link xtargets="s190 ;s190" />
</linkGrp>
<linkGrp targType="s" fromDoc="en/bootloader.xml.gz" toDoc="my/bootloader.xml.gz">
<link xtargets="s1 ;s1" />
<link xtargets="s2 ;s2" />
<link xtargets="s3 ;s3" />
<link xtargets="s4 ;s4" />
<link xtargets="s5 ;s5" />
<link xtargets="s6 ;s6" />
<link xtargets="s7 ;s7" />
<link xtargets="s8 ;s8" />
<link xtargets="s9 ;s9" />
<link xtargets="s10 ;s10" />
<link xtargets="s11 ;s11" />
<link xtargets="s12 ;s12" />
<link xtargets="s13 ;s13" />
<link xtargets="s14 ;s14" />
<link xtargets="s15 ;s15" />
<link xtargets="s16 ;s16" />
<link xtargets="s17 ;s17" />
<link xtargets="s18 ;s18" />
<link xtargets="s19 ;s19" />
<link xtargets="s20 ;s20" />
<link xtargets="s21 ;s21" />
<link xtargets="s22 ;s22" />
<link xtargets="s23 ;s23" />
<link xtargets="s24 ;s24" />
<link xtargets="s25 ;s25" />
<link xtargets="s26 ;s26" />
<link xtargets="s27 ;s27" />
<link xtargets="s28 ;s28" />
<link xtargets="s29 ;s29" />
<link xtargets="s30 ;s30" />
<link xtargets="s31 ;s31" />
<link xtargets="s32 ;s32" />
<link xtargets="s33 ;s33" />
<link xtargets="s34 ;s34" />
<link xtargets="s35 ;s35" />
<link xtargets="s36 ;s36" />
<link xtargets="s37 ;s37" />
<link xtargets="s38 ;s38" />
<link xtargets="s39 ;s39" />
<link xtargets="s40 ;s40" />
<link xtargets="s41 ;s41" />
<link xtargets="s42 ;s42" />
<link xtargets="s43 ;s43" />
<link xtargets="s44 ;s44" />
<link xtargets="s45 ;s45" />
<link xtargets="s46 ;s46" />
<link xtargets="s47 ;s47" />
<link xtargets="s48 ;s48" />
<link xtargets="s49 ;s49" />
<link xtargets="s50 ;s50" />
<link xtargets="s51 ;s51" />
<link xtargets="s52 ;s52" />
<link xtargets="s53 ;s53" />
<link xtargets="s54 ;s54" />
<link xtargets="s55 ;s55" />
<link xtargets="s56 ;s56" />
<link xtargets="s57 ;s57" />
<link xtargets="s58 ;s58" />
<link xtargets="s59 ;s59" />
<link xtargets="s60 ;s60" />
<link xtargets="s61 ;s61" />
<link xtargets="s62 ;s62" />
<link xtargets="s63 ;s63" />
<link xtargets="s64 ;s64" />
<link xtargets="s65 ;s65" />
<link xtargets="s66 ;s66" />
<link xtargets="s67 ;s67" />
<link xtargets="s68 ;s68" />
<link xtargets="s69 ;s69" />
<link xtargets="s70 ;s70" />
<link xtargets="s71 ;s71" />
<link xtargets="s72 ;s72" />
<link xtargets="s73 ;s73" />
<link xtargets="s74 ;s74" />
<link xtargets="s75 ;s75" />
<link xtargets="s76 ;s76" />
<link xtargets="s77 ;s77" />
<link xtargets="s78 ;s78" />
<link xtargets="s79 ;s79" />
<link xtargets="s80 ;s80" />
<link xtargets="s81 ;s81" />
<link xtargets="s82 ;s82" />
<link xtargets="s83 ;s83" />
<link xtargets="s84 ;s84" />
<link xtargets="s85 ;s85" />
</linkGrp>
<linkGrp targType="s" fromDoc="en/brasero.xml.gz" toDoc="my/brasero.xml.gz">
<link xtargets="s1 ;s1" />
<link xtargets="s2 ;s2" />
<link xtargets="s3 ;s3" />
<link xtargets="s5 ;s5" />
<link xtargets="s6 ;s6" />
<link xtargets="s7 ;s7" />
<link xtargets="s8 ;s8" />
<link xtargets="s9 ;s9" />
<link xtargets="s10 ;s10" />
<link xtargets="s11 ;s11" />
<link xtargets="s12 ;s12" />
<link xtargets="s13 ;s13" />
<link xtargets="s14 ;s14" />
<link xtargets="s15 ;s15" />
<link xtargets="s16 ;s16" />
<link xtargets="s17 ;s17" />
<link xtargets="s18 ;s18" />
<link xtargets="s19 ;s19" />
<link xtargets="s20 ;s20" />
<link xtargets="s21 ;s21" />
<link xtargets="s22 ;s22" />
<link xtargets="s23 ;s23" />
<link xtargets="s24 ;s24" />
<link xtargets="s25 ;s25" />
<link xtargets="s30 ;s30" />
<link xtargets="s31 ;s31" />
<link xtargets="s32 ;s32" />
<link xtargets="s34 ;s34" />
<link xtargets="s35 ;s35" />
<link xtargets="s37 ;s37" />
<link xtargets="s38 ;s38" />
<link xtargets="s39 ;s39" />
<link xtargets="s40 ;s40" />
<link xtargets="s43 ;s43" />
<link xtargets="s44 ;s44" />
<link xtargets="s45 ;s45" />
<link xtargets="s46 ;s46" />
<link xtargets="s47 ;s47" />
<link xtargets="s48 ;s48" />
<link xtargets="s49 ;s49" />
<link xtargets="s50 ;s50" />
<link xtargets="s51 ;s51" />
<link xtargets="s52 ;s52" />
<link xtargets="s53 ;s53" />
<link xtargets="s54 ;s54" />
<link xtargets="s55 ;s55" />
<link xtargets="s56 ;s56" />
<link xtargets="s57 ;s57" />
<link xtargets="s58 ;s58" />
<link xtargets="s59 ;s59" />
<link xtargets="s60 ;s60" />
<link xtargets="s61 ;s61" />
<link xtargets="s62 ;s62" />
<link xtargets="s63 ;s63" />
<link xtargets="s64 ;s64" />
<link xtargets="s65 ;s65" />
<link xtargets="s66 ;s66" />
<link xtargets="s67 ;s67" />
<link xtargets="s68 ;s68" />
<link xtargets="s69 ;s69" />
<link xtargets="s70 ;s70" />
<link xtargets="s71 ;s71" />
<link xtargets="s72 ;s72" />
<link xtargets="s73 ;s73" />
<link xtargets="s74 ;s74" />
<link xtargets="s75 ;s75" />
<link xtargets="s76 ;s76" />
<link xtargets="s77 ;s77" />
<link xtargets="s78 ;s78" />
<link xtargets="s79 ;s79" />
<link xtargets="s80 ;s80" />
<link xtargets="s81 ;s81" />
<link xtargets="s82 ;s82" />
<link xtargets="s83 ;s83" />
<link xtargets="s84 ;s84" />
<link xtargets="s85 ;s85" />
<link xtargets="s86 ;s86" />
<link xtargets="s87 ;s87" />
<link xtargets="s88 ;s88" />
<link xtargets="s89 ;s89" />
<link xtargets="s90 ;s90" />
<link xtargets="s91 ;s91" />
<link xtargets="s92 ;s92" />
<link xtargets="s93 ;s93" />
<link xtargets="s94 ;s94" />
<link xtargets="s95 ;s95" />
<link xtargets="s96 ;s96" />
<link xtargets="s97 ;s97" />
<link xtargets="s98 ;s98" />
<link xtargets="s99 ;s99" />
<link xtargets="s100 ;s100" />
<link xtargets="s101 ;s101" />
<link xtargets="s102 ;s102" />
<link xtargets="s103 ;s103" />
<link xtargets="s104 ;s104" />
<link xtargets="s105 ;s105" />
<link xtargets="s106 ;s106" />
<link xtargets="s107 ;s107" />
<link xtargets="s108 ;s108" />
<link xtargets="s109 ;s109" />
<link xtargets="s110 ;s110" />
<link xtargets="s111 ;s111" />
<link xtargets="s112 ;s112" />
<link xtargets="s113 ;s113" />
<link xtargets="s114 ;s114" />
<link xtargets="s115 ;s115" />
<link xtargets="s116 ;s116" />
<link xtargets="s117 ;s117" />
<link xtargets="s118 ;s118" />
<link xtargets="s119 ;s119" />
<link xtargets="s120 ;s120" />
<link xtargets="s121 ;s121" />
<link xtargets="s122 ;s122" />
<link xtargets="s123 ;s123" />
<link xtargets="s124 ;s124" />
<link xtargets="s125 ;s125" />
<link xtargets="s126 ;s126" />
<link xtargets="s127 ;s127" />
<link xtargets="s128 ;s128" />
<link xtargets="s129 ;s129" />
<link xtargets="s130 ;s130" />
<link xtargets="s131 ;s131" />
<link xtargets="s132 ;s132" />
<link xtargets="s133 ;s133" />
<link xtargets="s134 ;s134" />
<link xtargets="s135 ;s135" />
<link xtargets="s136 ;s136" />
<link xtargets="s137 ;s137" />
<link xtargets="s138 ;s138" />
<link xtargets="s139 ;s139" />
<link xtargets="s140 ;s140" />
<link xtargets="s141 ;s141" />
<link xtargets="s142 ;s142" />
<link xtargets="s143 ;s143" />
<link xtargets="s144 ;s144" />
<link xtargets="s145 ;s145" />
<link xtargets="s146 ;s146" />
<link xtargets="s147 ;s147" />
<link xtargets="s148 ;s148" />
<link xtargets="s149 ;s149" />
<link xtargets="s150 ;s150" />
<link xtargets="s151 ;s151" />
<link xtargets="s152 ;s152" />
<link xtargets="s153 ;s153" />
<link xtargets="s154 ;s154" />
<link xtargets="s155 ;s155" />
<link xtargets="s156 ;s156" />
<link xtargets="s157 ;s157" />
<link xtargets="s158 ;s158" />
<link xtargets="s159 ;s159" />
<link xtargets="s160 ;s160" />
<link xtargets="s161 ;s161" />
<link xtargets="s162 ;s162" />
<link xtargets="s163 ;s163" />
<link xtargets="s164 ;s164" />
<link xtargets="s165 ;s165" />
<link xtargets="s166 ;s166" />
<link xtargets="s167 ;s167" />
<link xtargets="s168 ;s168" />
<link xtargets="s169 ;s169" />
<link xtargets="s170 ;s170" />
<link xtargets="s171 ;s171" />
<link xtargets="s172 ;s172" />
<link xtargets="s173 ;s173" />
<link xtargets="s174 ;s174" />
<link xtargets="s175 ;s175" />
<link xtargets="s176 ;s176" />
<link xtargets="s177 ;s177" />
<link xtargets="s178 ;s178" />
<link xtargets="s179 ;s179" />
<link xtargets="s180 ;s180" />
<link xtargets="s181 ;s181" />
<link xtargets="s182 ;s182" />
<link xtargets="s183 ;s183" />
<link xtargets="s184 ;s184" />
<link xtargets="s185 ;s185" />
<link xtargets="s186 ;s186" />
<link xtargets="s187 ;s187" />
<link xtargets="s188 ;s188" />
<link xtargets="s189 ;s189" />
<link xtargets="s190 ;s190" />
<link xtargets="s191 ;s191" />
<link xtargets="s192 ;s192" />
<link xtargets="s193 ;s193" />
<link xtargets="s194 ;s194" />
<link xtargets="s195 ;s195" />
<link xtargets="s196 ;s196" />
<link xtargets="s197 ;s197" />
<link xtargets="s198 ;s198" />
<link xtargets="s199 ;s199" />
<link xtargets="s201 ;s201" />
<link xtargets="s202 ;s202" />
<link xtargets="s203 ;s203" />
<link xtargets="s204 ;s204" />
<link xtargets="s205 ;s205" />
<link xtargets="s206 ;s206" />
<link xtargets="s207 ;s207" />
<link xtargets="s208 ;s208" />
<link xtargets="s209 ;s209" />
<link xtargets="s210 ;s210" />
<link xtargets="s211 ;s211" />
<link xtargets="s212 ;s212" />
<link xtargets="s213 ;s213" />
<link xtargets="s214 ;s214" />
<link xtargets="s215 ;s215" />
<link xtargets="s216 ;s216" />
<link xtargets="s217 ;s217" />
<link xtargets="s218 ;s218" />
<link xtargets="s219 ;s219" />
<link xtargets="s220 ;s220" />
<link xtargets="s221 ;s221" />
<link xtargets="s222 ;s222" />
<link xtargets="s223 ;s223" />
<link xtargets="s224 ;s224" />
<link xtargets="s225 ;s225" />
<link xtargets="s226 ;s226" />
<link xtargets="s227 ;s227" />
<link xtargets="s228 ;s228" />
<link xtargets="s229 ;s229" />
<link xtargets="s230 ;s230" />
<link xtargets="s231 ;s231" />
<link xtargets="s232 ;s232" />
<link xtargets="s233 ;s233" />
<link xtargets="s234 ;s234" />
<link xtargets="s235 ;s235" />
<link xtargets="s236 ;s236" />
<link xtargets="s237 ;s237" />
<link xtargets="s238 ;s238" />
<link xtargets="s239 ;s239" />
<link xtargets="s240 ;s240" />
<link xtargets="s241 ;s241" />
<link xtargets="s242 ;s242" />
<link xtargets="s243 ;s243" />
<link xtargets="s244 ;s244" />
<link xtargets="s245 ;s245" />
<link xtargets="s246 ;s246" />
<link xtargets="s247 ;s247" />
<link xtargets="s248 ;s248" />
<link xtargets="s249 ;s249" />
<link xtargets="s250 ;s250" />
<link xtargets="s251 ;s251" />
<link xtargets="s252 ;s252" />
<link xtargets="s253 ;s253" />
<link xtargets="s254 ;s254" />
<link xtargets="s255 ;s255" />
<link xtargets="s256 ;s256" />
<link xtargets="s257 ;s257" />
<link xtargets="s258 ;s258" />
<link xtargets="s259 ;s259" />
<link xtargets="s260 ;s260" />
<link xtargets="s261 ;s261" />
<link xtargets="s262 ;s262" />
<link xtargets="s263 ;s263" />
<link xtargets="s264 ;s264" />
<link xtargets="s265 ;s265" />
<link xtargets="s266 ;s266" />
<link xtargets="s267 ;s267" />
<link xtargets="s268 ;s268" />
<link xtargets="s269 ;s269" />
<link xtargets="s270 ;s270" />
<link xtargets="s271 ;s271" />
<link xtargets="s272 ;s272" />
<link xtargets="s273 ;s273" />
<link xtargets="s274 ;s274" />
<link xtargets="s275 ;s275" />
<link xtargets="s276 ;s276" />
<link xtargets="s277 ;s277" />
<link xtargets="s278 ;s278" />
<link xtargets="s279 ;s279" />
<link xtargets="s280 ;s280" />
<link xtargets="s281 ;s281" />
<link xtargets="s282 ;s282" />
<link xtargets="s283 ;s283" />
<link xtargets="s284 ;s284" />
<link xtargets="s285 ;s285" />
<link xtargets="s286 ;s286" />
<link xtargets="s287 ;s287" />
<link xtargets="s288 ;s288" />
<link xtargets="s289 ;s289" />
<link xtargets="s290 ;s290" />
<link xtargets="s291 ;s291" />
<link xtargets="s292 ;s292" />
<link xtargets="s293 ;s293" />
<link xtargets="s294 ;s294" />
<link xtargets="s295 ;s295" />
<link xtargets="s296 ;s296" />
<link xtargets="s297 ;s297" />
<link xtargets="s298 ;s298" />
<link xtargets="s299 ;s299" />
<link xtargets="s300 ;s300" />
<link xtargets="s301 ;s301" />
<link xtargets="s302 ;s302" />
<link xtargets="s303 ;s303" />
<link xtargets="s304 ;s304" />
<link xtargets="s305 ;s305" />
<link xtargets="s306 ;s306" />
<link xtargets="s307 ;s307" />
<link xtargets="s308 ;s308" />
<link xtargets="s309 ;s309" />
<link xtargets="s310 ;s310" />
<link xtargets="s311 ;s311" />
<link xtargets="s312 ;s312" />
<link xtargets="s313 ;s313" />
<link xtargets="s314 ;s314" />
<link xtargets="s315 ;s315" />
<link xtargets="s316 ;s316" />
<link xtargets="s317 ;s317" />
<link xtargets="s318 ;s318" />
<link xtargets="s320 ;s320" />
<link xtargets="s322 ;s322" />
<link xtargets="s323 ;s323" />
<link xtargets="s324 ;s324" />
<link xtargets="s325 ;s325" />
<link xtargets="s326 ;s326" />
<link xtargets="s327 ;s327" />
<link xtargets="s328 ;s328" />
<link xtargets="s329 ;s329" />
<link xtargets="s330 ;s330" />
<link xtargets="s331 ;s331" />
<link xtargets="s332 ;s332" />
<link xtargets="s333 ;s333" />
<link xtargets="s334 ;s334" />
<link xtargets="s335 ;s335" />
<link xtargets="s336 ;s336" />
<link xtargets="s337 ;s337" />
<link xtargets="s338 ;s338" />
<link xtargets="s339 ;s339" />
<link xtargets="s340 ;s340" />
<link xtargets="s341 ;s341" />
<link xtargets="s342 ;s342" />
<link xtargets="s343 ;s343" />
<link xtargets="s344 ;s344" />
<link xtargets="s345 ;s345" />
<link xtargets="s346 ;s346" />
<link xtargets="s347 ;s347" />
<link xtargets="s348 ;s348" />
<link xtargets="s349 ;s349" />
<link xtargets="s350 ;s350" />
<link xtargets="s351 ;s351" />
<link xtargets="s352 ;s352" />
<link xtargets="s354 ;s354" />
<link xtargets="s355 ;s355" />
<link xtargets="s356 ;s356" />
<link xtargets="s357 ;s357" />
<link xtargets="s358 ;s358" />
<link xtargets="s359 ;s359" />
<link xtargets="s360 ;s360" />
<link xtargets="s361 ;s361" />
<link xtargets="s362 ;s362" />
<link xtargets="s363 ;s363" />
<link xtargets="s364 ;s364" />
<link xtargets="s365 ;s365" />
<link xtargets="s366 ;s366" />
<link xtargets="s367 ;s367" />
<link xtargets="s368 ;s368" />
<link xtargets="s369 ;s369" />
<link xtargets="s370 ;s370" />
<link xtargets="s371 ;s371" />
<link xtargets="s372 ;s372" />
<link xtargets="s373 ;s373" />
<link xtargets="s374 ;s374" />
<link xtargets="s375 ;s375" />
<link xtargets="s376 ;s376" />
<link xtargets="s377 ;s377" />
<link xtargets="s378 ;s378" />
<link xtargets="s379 ;s379" />
<link xtargets="s380 ;s380" />
<link xtargets="s381 ;s381" />
<link xtargets="s382 ;s382" />
<link xtargets="s383 ;s383" />
<link xtargets="s384 ;s384" />
<link xtargets="s385 ;s385" />
<link xtargets="s386 ;s386" />
<link xtargets="s387 ;s387" />
<link xtargets="s388 ;s388" />
<link xtargets="s389 ;s389" />
<link xtargets="s390 ;s390" />
<link xtargets="s392 ;s392" />
<link xtargets="s393 ;s393" />
<link xtargets="s394 ;s394" />
<link xtargets="s395 ;s395" />
<link xtargets="s396 ;s396" />
<link xtargets="s397 ;s397" />
<link xtargets="s399 ;s399" />
<link xtargets="s400 ;s400" />
<link xtargets="s401 ;s401" />
<link xtargets="s402 ;s402" />
<link xtargets="s403 ;s403" />
<link xtargets="s404 ;s404" />
<link xtargets="s405 ;s405" />
<link xtargets="s406 ;s406" />
<link xtargets="s407 ;s407" />
<link xtargets="s408 ;s408" />
<link xtargets="s409 ;s409" />
<link xtargets="s410 ;s410" />
<link xtargets="s413 ;s413" />
<link xtargets="s414 ;s414" />
<link xtargets="s415 ;s415" />
<link xtargets="s416 ;s416" />
<link xtargets="s417 ;s417" />
<link xtargets="s418 ;s418" />
<link xtargets="s419 ;s419" />
<link xtargets="s420 ;s420" />
<link xtargets="s421 ;s421" />
<link xtargets="s422 ;s422" />
<link xtargets="s423 ;s423" />
<link xtargets="s424 ;s424" />
<link xtargets="s425 ;s425" />
<link xtargets="s426 ;s426" />
<link xtargets="s427 ;s427" />
<link xtargets="s428 ;s428" />
<link xtargets="s429 ;s429" />
<link xtargets="s430 ;s430" />
<link xtargets="s431 ;s431" />
<link xtargets="s432 ;s432" />
<link xtargets="s433 ;s433" />
<link xtargets="s434 ;s434" />
<link xtargets="s435 ;s435" />
<link xtargets="s436 ;s436" />
<link xtargets="s437 ;s437" />
<link xtargets="s438 ;s438" />
<link xtargets="s439 ;s439" />
<link xtargets="s440 ;s440" />
<link xtargets="s441 ;s441" />
<link xtargets="s442 ;s442" />
<link xtargets="s443 ;s443" />
<link xtargets="s444 ;s444" />
<link xtargets="s445 ;s445" />
<link xtargets="s447 ;s447" />
<link xtargets="s448 ;s448" />
<link xtargets="s449 ;s449" />
<link xtargets="s450 ;s450" />
<link xtargets="s451 ;s451" />
<link xtargets="s452 ;s452" />
<link xtargets="s453 ;s453" />
<link xtargets="s454 ;s454" />
<link xtargets="s456 ;s456" />
<link xtargets="s457 ;s457" />
<link xtargets="s458 ;s458" />
<link xtargets="s460 ;s460" />
<link xtargets="s461 ;s461" />
<link xtargets="s463 ;s463" />
<link xtargets="s464 ;s464" />
<link xtargets="s465 ;s465" />
<link xtargets="s466 ;s466" />
<link xtargets="s467 ;s467" />
<link xtargets="s468 ;s468" />
<link xtargets="s469 ;s469" />
<link xtargets="s470 ;s470" />
<link xtargets="s471 ;s471" />
<link xtargets="s472 ;s472" />
<link xtargets="s473 ;s473" />
<link xtargets="s474 ;s474" />
<link xtargets="s475 ;s475" />
<link xtargets="s476 ;s476" />
<link xtargets="s478 ;s478" />
<link xtargets="s479 ;s479" />
<link xtargets="s480 ;s480" />
<link xtargets="s481 ;s481" />
<link xtargets="s482 ;s482" />
<link xtargets="s483 ;s483" />
<link xtargets="s484 ;s484" />
<link xtargets="s485 ;s485" />
<link xtargets="s486 ;s486" />
<link xtargets="s487 ;s487" />
<link xtargets="s488 ;s488" />
<link xtargets="s489 ;s489" />
<link xtargets="s490 ;s490" />
<link xtargets="s491 ;s491" />
<link xtargets="s492 ;s492" />
<link xtargets="s493 ;s493" />
<link xtargets="s494 ;s494" />
<link xtargets="s495 ;s495" />
<link xtargets="s496 ;s496" />
<link xtargets="s497 ;s497" />
<link xtargets="s498 ;s498" />
<link xtargets="s499 ;s499" />
<link xtargets="s503 ;s503" />
<link xtargets="s504 ;s504" />
<link xtargets="s505 ;s505" />
<link xtargets="s506 ;s506" />
<link xtargets="s508 ;s508" />
<link xtargets="s509 ;s509" />
<link xtargets="s510 ;s510" />
<link xtargets="s511 ;s511" />
<link xtargets="s512 ;s512" />
<link xtargets="s513 ;s513" />
<link xtargets="s514 ;s514" />
<link xtargets="s515 ;s515" />
<link xtargets="s516 ;s516" />
<link xtargets="s517 ;s517" />
<link xtargets="s518 ;s518" />
<link xtargets="s519 ;s519" />
<link xtargets="s520 ;s520" />
<link xtargets="s521 ;s521" />
<link xtargets="s522 ;s522" />
<link xtargets="s523 ;s523" />
<link xtargets="s524 ;s524" />
<link xtargets="s525 ;s525" />
<link xtargets="s526 ;s526" />
<link xtargets="s527 ;s527" />
<link xtargets="s528 ;s528" />
<link xtargets="s529 ;s529" />
<link xtargets="s530 ;s530" />
<link xtargets="s531 ;s531" />
<link xtargets="s532 ;s532" />
<link xtargets="s533 ;s533" />
<link xtargets="s534 ;s534" />
<link xtargets="s535 ;s535" />
<link xtargets="s536 ;s536" />
<link xtargets="s537 ;s537" />
<link xtargets="s538 ;s538" />
<link xtargets="s539 ;s539" />
<link xtargets="s540 ;s540" />
<link xtargets="s541 ;s541" />
<link xtargets="s542 ;s542" />
<link xtargets="s543 ;s543" />
<link xtargets="s544 ;s544" />
<link xtargets="s545 ;s545" />
<link xtargets="s546 ;s546" />
<link xtargets="s547 ;s547" />
<link xtargets="s548 ;s548" />
<link xtargets="s549 ;s549" />
<link xtargets="s550 ;s550" />
<link xtargets="s551 ;s551" />
<link xtargets="s552 ;s552" />
<link xtargets="s553 ;s553" />
<link xtargets="s554 ;s554" />
<link xtargets="s555 ;s555" />
<link xtargets="s556 ;s556" />
<link xtargets="s557 ;s557" />
<link xtargets="s558 ;s558" />
<link xtargets="s559 ;s559" />
<link xtargets="s560 ;s560" />
<link xtargets="s561 ;s561" />
<link xtargets="s562 ;s562" />
<link xtargets="s563 ;s563" />
<link xtargets="s564 ;s564" />
<link xtargets="s565 ;s565" />
<link xtargets="s566 ;s566" />
<link xtargets="s567 ;s567" />
<link xtargets="s568 ;s568" />
<link xtargets="s569 ;s569" />
<link xtargets="s570 ;s570" />
<link xtargets="s571 ;s571" />
<link xtargets="s572 ;s572" />
<link xtargets="s573 ;s573" />
<link xtargets="s574 ;s574" />
<link xtargets="s575 ;s575" />
<link xtargets="s576 ;s576" />
<link xtargets="s577 ;s577" />
<link xtargets="s579 ;s579" />
<link xtargets="s580 ;s580" />
<link xtargets="s581 ;s581" />
<link xtargets="s582 ;s582" />
<link xtargets="s583 ;s583" />
<link xtargets="s584 ;s584" />
<link xtargets="s585 ;s585" />
<link xtargets="s586 ;s586" />
<link xtargets="s587 ;s587" />
<link xtargets="s588 ;s588" />
<link xtargets="s589 ;s589" />
<link xtargets="s590 ;s590" />
<link xtargets="s591 ;s591" />
<link xtargets="s592 ;s592" />
<link xtargets="s593 ;s593" />
<link xtargets="s594 ;s594" />
<link xtargets="s595 ;s595" />
<link xtargets="s597 ;s597" />
<link xtargets="s599 ;s599" />
<link xtargets="s600 ;s600" />
<link xtargets="s601 ;s601" />
<link xtargets="s602 ;s602" />
<link xtargets="s603 ;s603" />
<link xtargets="s604 ;s604" />
<link xtargets="s605 ;s605" />
<link xtargets="s606 ;s606" />
<link xtargets="s607 ;s607" />
<link xtargets="s608 ;s608" />
<link xtargets="s609 ;s609" />
<link xtargets="s610 ;s610" />
<link xtargets="s611 ;s611" />
<link xtargets="s612 ;s612" />
<link xtargets="s613 ;s613" />
<link xtargets="s614 ;s614" />
<link xtargets="s615 ;s615" />
<link xtargets="s616 ;s616" />
<link xtargets="s617 ;s617" />
<link xtargets="s618 ;s618" />
<link xtargets="s619 ;s619" />
<link xtargets="s620 ;s620" />
<link xtargets="s621 ;s621" />
<link xtargets="s622 ;s622" />
<link xtargets="s623 ;s623" />
<link xtargets="s624 ;s624" />
<link xtargets="s625 ;s625" />
<link xtargets="s626 ;s626" />
<link xtargets="s627 ;s627" />
<link xtargets="s628 ;s628" />
<link xtargets="s629 ;s629" />
<link xtargets="s630 ;s630" />
<link xtargets="s631 ;s631" />
<link xtargets="s632 ;s632" />
<link xtargets="s633 ;s633" />
<link xtargets="s634 ;s634" />
<link xtargets="s635 ;s635" />
<link xtargets="s636 ;s636" />
<link xtargets="s637 ;s637" />
<link xtargets="s638 ;s638" />
<link xtargets="s639 ;s639" />
<link xtargets="s642 ;s642" />
<link xtargets="s643 ;s643" />
<link xtargets="s644 ;s644" />
<link xtargets="s645 ;s645" />
<link xtargets="s646 ;s646" />
<link xtargets="s647 ;s647" />
<link xtargets="s648 ;s648" />
<link xtargets="s649 ;s649" />
<link xtargets="s650 ;s650" />
<link xtargets="s651 ;s651" />
<link xtargets="s652 ;s652" />
<link xtargets="s654 ;s654" />
<link xtargets="s655 ;s655" />
<link xtargets="s656 ;s656" />
<link xtargets="s657 ;s657" />
<link xtargets="s658 ;s658" />
<link xtargets="s659 ;s659" />
<link xtargets="s660 ;s660" />
<link xtargets="s661 ;s661" />
<link xtargets="s662 ;s662" />
<link xtargets="s663 ;s663" />
<link xtargets="s664 ;s664" />
<link xtargets="s665 ;s665" />
<link xtargets="s666 ;s666" />
<link xtargets="s667 ;s667" />
<link xtargets="s668 ;s668" />
<link xtargets="s669 ;s669" />
<link xtargets="s670 ;s670" />
<link xtargets="s671 ;s671" />
<link xtargets="s672 ;s672" />
<link xtargets="s673 ;s673" />
<link xtargets="s674 ;s674" />
<link xtargets="s676 ;s676" />
<link xtargets="s677 ;s677" />
<link xtargets="s678 ;s678" />
<link xtargets="s679 ;s679" />
<link xtargets="s680 ;s680" />
<link xtargets="s681 ;s681" />
<link xtargets="s682 ;s682" />
<link xtargets="s683 ;s683" />
<link xtargets="s684 ;s684" />
<link xtargets="s685 ;s685" />
<link xtargets="s686 ;s686" />
<link xtargets="s687 ;s687" />
<link xtargets="s688 ;s688" />
<link xtargets="s689 ;s689" />
<link xtargets="s690 ;s690" />
<link xtargets="s691 ;s691" />
<link xtargets="s692 ;s692" />
<link xtargets="s693 ;s693" />
<link xtargets="s694 ;s694" />
<link xtargets="s695 ;s695" />
<link xtargets="s696 ;s696" />
<link xtargets="s697 ;s697" />
<link xtargets="s698 ;s698" />
<link xtargets="s699 ;s699" />
<link xtargets="s700 ;s700" />
<link xtargets="s701 ;s701" />
<link xtargets="s702 ;s702" />
<link xtargets="s703 ;s703" />
<link xtargets="s704 ;s704" />
<link xtargets="s705 ;s705" />
<link xtargets="s707 ;s707" />
<link xtargets="s708 ;s708" />
<link xtargets="s709 ;s709" />
<link xtargets="s710 ;s710" />
<link xtargets="s711 ;s711" />
<link xtargets="s712 ;s712" />
<link xtargets="s713 ;s713" />
<link xtargets="s714 ;s714" />
<link xtargets="s715 ;s715" />
<link xtargets="s716 ;s716" />
<link xtargets="s718 ;s718" />
<link xtargets="s719 ;s719" />
<link xtargets="s720 ;s720" />
<link xtargets="s721 ;s721" />
<link xtargets="s722 ;s722" />
<link xtargets="s723 ;s723" />
<link xtargets="s724 ;s724" />
<link xtargets="s726 ;s726" />
<link xtargets="s727 ;s727" />
<link xtargets="s728 ;s728" />
<link xtargets="s729 ;s729" />
<link xtargets="s730 ;s730" />
<link xtargets="s731 ;s731" />
<link xtargets="s732 ;s732" />
<link xtargets="s733 ;s733" />
<link xtargets="s734 ;s734" />
<link xtargets="s735 ;s735" />
<link xtargets="s736 ;s736" />
<link xtargets="s737 ;s737" />
<link xtargets="s738 ;s738" />
<link xtargets="s739 ;s739" />
<link xtargets="s740 ;s740" />
<link xtargets="s741 ;s741" />
<link xtargets="s742 ;s742" />
<link xtargets="s743 ;s743" />
<link xtargets="s744 ;s744" />
<link xtargets="s745 ;s745" />
<link xtargets="s746 ;s746" />
<link xtargets="s747 ;s747" />
<link xtargets="s748 ;s748" />
<link xtargets="s749 ;s749" />
<link xtargets="s750 ;s750" />
<link xtargets="s751 ;s751" />
<link xtargets="s752 ;s752" />
<link xtargets="s753 ;s753" />
<link xtargets="s754 ;s754" />
<link xtargets="s755 ;s755" />
<link xtargets="s756 ;s756" />
<link xtargets="s757 ;s757" />
<link xtargets="s758 ;s758" />
<link xtargets="s759 ;s759" />
<link xtargets="s760 ;s760" />
<link xtargets="s761 ;s761" />
<link xtargets="s762 ;s762" />
<link xtargets="s763 ;s763" />
<link xtargets="s764 ;s764" />
<link xtargets="s765 ;s765" />
<link xtargets="s766 ;s766" />
<link xtargets="s767 ;s767" />
<link xtargets="s768 ;s768" />
<link xtargets="s769 ;s769" />
<link xtargets="s770 ;s770" />
<link xtargets="s771 ;s771" />
<link xtargets="s772 ;s772" />
<link xtargets="s773 ;s773" />
<link xtargets="s774 ;s774" />
<link xtargets="s775 ;s775" />
<link xtargets="s777 ;s777" />
<link xtargets="s778 ;s778" />
<link xtargets="s779 ;s779" />
<link xtargets="s780 ;s780" />
<link xtargets="s781 ;s781" />
<link xtargets="s782 ;s782" />
<link xtargets="s783 ;s783" />
<link xtargets="s784 ;s784" />
<link xtargets="s785 ;s785" />
<link xtargets="s786 ;s786" />
<link xtargets="s787 ;s787" />
<link xtargets="s788 ;s788" />
<link xtargets="s789 ;s789" />
<link xtargets="s790 ;s790" />
<link xtargets="s791 ;s791" />
<link xtargets="s792 ;s792" />
<link xtargets="s793 ;s793" />
<link xtargets="s794 ;s794" />
<link xtargets="s795 ;s795" />
<link xtargets="s796 ;s796" />
<link xtargets="s797 ;s797" />
<link xtargets="s798 ;s798" />
<link xtargets="s799 ;s799" />
<link xtargets="s800 ;s800" />
<link xtargets="s801 ;s801" />
<link xtargets="s802 ;s802" />
<link xtargets="s803 ;s803" />
<link xtargets="s804 ;s804" />
<link xtargets="s805 ;s805" />
<link xtargets="s806 ;s806" />
<link xtargets="s807 ;s807" />
<link xtargets="s808 ;s808" />
<link xtargets="s809 ;s809" />
<link xtargets="s810 ;s810" />
<link xtargets="s811 ;s811" />
<link xtargets="s812 ;s812" />
<link xtargets="s813 ;s813" />
<link xtargets="s814 ;s814" />
<link xtargets="s815 ;s815" />
<link xtargets="s816 ;s816" />
<link xtargets="s817 ;s817" />
<link xtargets="s818 ;s818" />
<link xtargets="s819 ;s819" />
<link xtargets="s820 ;s820" />
<link xtargets="s821 ;s821" />
<link xtargets="s822 ;s822" />
<link xtargets="s823 ;s823" />
<link xtargets="s824 ;s824" />
<link xtargets="s825 ;s825" />
<link xtargets="s826 ;s826" />
<link xtargets="s827 ;s827" />
<link xtargets="s828 ;s828" />
<link xtargets="s829 ;s829" />
<link xtargets="s830 ;s830" />
<link xtargets="s831 ;s831" />
<link xtargets="s832 ;s832" />
<link xtargets="s833 ;s833" />
<link xtargets="s837 ;s837" />
<link xtargets="s838 ;s838" />
<link xtargets="s839 ;s839" />
<link xtargets="s840 ;s840" />
<link xtargets="s841 ;s841" />
<link xtargets="s842 ;s842" />
<link xtargets="s843 ;s843" />
<link xtargets="s844 ;s844" />
<link xtargets="s845 ;s845" />
<link xtargets="s846 ;s846" />
<link xtargets="s847 ;s847" />
<link xtargets="s848 ;s848" />
<link xtargets="s849 ;s849" />
<link xtargets="s850 ;s850" />
<link xtargets="s851 ;s851" />
<link xtargets="s852 ;s852" />
<link xtargets="s853 ;s853" />
<link xtargets="s854 ;s854" />
<link xtargets="s855 ;s855" />
<link xtargets="s856 ;s856" />
<link xtargets="s857 ;s857" />
<link xtargets="s858 ;s858" />
<link xtargets="s859 ;s859" />
<link xtargets="s860 ;s860" />
<link xtargets="s861 ;s861" />
<link xtargets="s862 ;s862" />
<link xtargets="s863 ;s863" />
<link xtargets="s864 ;s864" />
<link xtargets="s865 ;s865" />
<link xtargets="s866 ;s866" />
<link xtargets="s867 ;s867" />
<link xtargets="s868 ;s868" />
<link xtargets="s869 ;s869" />
<link xtargets="s870 ;s870" />
<link xtargets="s871 ;s871" />
<link xtargets="s872 ;s872" />
<link xtargets="s873 ;s873" />
<link xtargets="s874 ;s874" />
<link xtargets="s875 ;s875" />
<link xtargets="s876 ;s876" />
<link xtargets="s878 ;s878" />
<link xtargets="s879 ;s879" />
<link xtargets="s880 ;s880" />
<link xtargets="s881 ;s881" />
<link xtargets="s882 ;s882" />
<link xtargets="s883 ;s883" />
<link xtargets="s884 ;s884" />
<link xtargets="s885 ;s885" />
<link xtargets="s886 ;s886" />
<link xtargets="s887 ;s887" />
<link xtargets="s888 ;s888" />
<link xtargets="s889 ;s889" />
<link xtargets="s890 ;s890" />
<link xtargets="s891 ;s891" />
<link xtargets="s892 ;s892" />
<link xtargets="s893 ;s893" />
<link xtargets="s894 ;s894" />
<link xtargets="s895 ;s895" />
<link xtargets="s896 ;s896" />
<link xtargets="s897 ;s897" />
<link xtargets="s898 ;s898" />
<link xtargets="s899 ;s899" />
<link xtargets="s900 ;s900" />
<link xtargets="s901 ;s901" />
<link xtargets="s902 ;s902" />
<link xtargets="s903 ;s903" />
<link xtargets="s904 ;s904" />
<link xtargets="s905 ;s905" />
<link xtargets="s906 ;s906" />
<link xtargets="s907 ;s907" />
<link xtargets="s908 ;s908" />
<link xtargets="s909 ;s909" />
<link xtargets="s910 ;s910" />
<link xtargets="s911 ;s911" />
<link xtargets="s912 ;s912" />
<link xtargets="s913 ;s913" />
<link xtargets="s914 ;s914" />
<link xtargets="s915 ;s915" />
<link xtargets="s916 ;s916" />
<link xtargets="s917 ;s917" />
<link xtargets="s919 ;s919" />
<link xtargets="s920 ;s920" />
<link xtargets="s921 ;s921" />
<link xtargets="s922 ;s922" />
<link xtargets="s923 ;s923" />
<link xtargets="s924 ;s924" />
<link xtargets="s925 ;s925" />
<link xtargets="s926 ;s926" />
<link xtargets="s927 ;s927" />
<link xtargets="s928 ;s928" />
<link xtargets="s929 ;s929" />
<link xtargets="s930 ;s930" />
<link xtargets="s931 ;s931" />
<link xtargets="s932 ;s932" />
<link xtargets="s933 ;s933" />
<link xtargets="s934 ;s934" />
<link xtargets="s935 ;s935" />
<link xtargets="s936 ;s936" />
<link xtargets="s937 ;s937" />
<link xtargets="s938 ;s938" />
<link xtargets="s939 ;s939" />
<link xtargets="s940 ;s940" />
<link xtargets="s941 ;s941" />
<link xtargets="s942 ;s942" />
<link xtargets="s943 ;s943" />
<link xtargets="s944 ;s944" />
<link xtargets="s945 ;s945" />
<link xtargets="s946 ;s946" />
<link xtargets="s947 ;s947" />
<link xtargets="s948 ;s948" />
<link xtargets="s949 ;s949" />
<link xtargets="s950 ;s950" />
<link xtargets="s951 ;s951" />
<link xtargets="s952 ;s952" />
<link xtargets="s953 ;s953" />
<link xtargets="s954 ;s954" />
<link xtargets="s955 ;s955" />
<link xtargets="s956 ;s956" />
<link xtargets="s957 ;s957" />
<link xtargets="s958 ;s958" />
<link xtargets="s959 ;s959" />
<link xtargets="s960 ;s960" />
<link xtargets="s961 ;s961" />
<link xtargets="s962 ;s962" />
<link xtargets="s963 ;s963" />
<link xtargets="s964 ;s964" />
<link xtargets="s965 ;s965" />
<link xtargets="s968 ;s968" />
<link xtargets="s969 ;s969" />
<link xtargets="s971 ;s971" />
<link xtargets="s972 ;s972" />
<link xtargets="s973 ;s973" />
<link xtargets="s974 ;s974" />
<link xtargets="s975 ;s975" />
<link xtargets="s976 ;s976" />
<link xtargets="s977 ;s977" />
</linkGrp>
<linkGrp targType="s" fromDoc="en/byobu.xml.gz" toDoc="my/byobu.xml.gz">
<link xtargets="s1 ;s1" />
<link xtargets="s2 ;s2" />
<link xtargets="s3 ;s3" />
<link xtargets="s4 ;s4" />
<link xtargets="s5 ;s5" />
<link xtargets="s9 ;s9" />
<link xtargets="s17 ;s17" />
<link xtargets="s25 ;s25" />
<link xtargets="s26 ;s26" />
<link xtargets="s31 ;s31" />
<link xtargets="s41 ;s41" />
</linkGrp>
<linkGrp targType="s" fromDoc="en/checkbox.xml.gz" toDoc="my/checkbox.xml.gz">
<link xtargets="s1 ;s1" />
<link xtargets="s2 ;s2" />
<link xtargets="s3 ;s3" />
<link xtargets="s4 ;s4" />
<link xtargets="s5 ;s5" />
<link xtargets="s6 ;s6" />
<link xtargets="s7 ;s7" />
<link xtargets="s8 ;s8" />
<link xtargets="s9 ;s9" />
<link xtargets="s10 ;s10" />
<link xtargets="s12 ;s12" />
<link xtargets="s120 ;s120" />
<link xtargets="s205 ;s205" />
<link xtargets="s207 ;s207" />
<link xtargets="s208 ;s208" />
<link xtargets="s209 ;s209" />
<link xtargets="s210 ;s210" />
<link xtargets="s211 ;s211" />
<link xtargets="s212 ;s212" />
<link xtargets="s213 ;s213" />
<link xtargets="s214 ;s214" />
<link xtargets="s215 ;s215" />
<link xtargets="s216 ;s216" />
<link xtargets="s217 ;s217" />
<link xtargets="s218 ;s218" />
<link xtargets="s219 ;s219" />
<link xtargets="s220 ;s220" />
<link xtargets="s221 ;s221" />
<link xtargets="s222 ;s222" />
<link xtargets="s223 ;s223" />
<link xtargets="s224 ;s224" />
<link xtargets="s225 ;s225" />
<link xtargets="s227 ;s227" />
<link xtargets="s228 ;s228" />
<link xtargets="s229 ;s229" />
<link xtargets="s230 ;s230" />
<link xtargets="s231 ;s231" />
<link xtargets="s234 ;s234" />
<link xtargets="s236 ;s236" />
<link xtargets="s237 ;s237" />
<link xtargets="s238 ;s238" />
<link xtargets="s239 ;s239" />
<link xtargets="s240 ;s240" />
<link xtargets="s241 ;s241" />
<link xtargets="s242 ;s242" />
<link xtargets="s244 ;s244" />
<link xtargets="s246 ;s246" />
<link xtargets="s247 ;s247" />
<link xtargets="s315 ;s315" />
<link xtargets="s571 ;s571" />
</linkGrp>
<linkGrp targType="s" fromDoc="en/cluttergtk-1.0.xml.gz" toDoc="my/cluttergtk-1.0.xml.gz">
<link xtargets="s1 ;s1" />
</linkGrp>
<linkGrp targType="s" fromDoc="en/command-not-found.xml.gz" toDoc="my/command-not-found.xml.gz">
<link xtargets="s2 ;s2" />
<link xtargets="s4 ;s4" />
<link xtargets="s5 ;s5" />
<link xtargets="s10 ;s10" />
<link xtargets="s11 ;s11" />
<link xtargets="s16 ;s16" />
<link xtargets="s17 ;s17" />
<link xtargets="s22 ;s22" />
<link xtargets="s26 ;s26" />
</linkGrp>
<linkGrp targType="s" fromDoc="en/compiz.xml.gz" toDoc="my/compiz.xml.gz">
<link xtargets="s2 ;s2" />
<link xtargets="s7 ;s7" />
<link xtargets="s8 ;s8" />
<link xtargets="s11 ;s11" />
<link xtargets="s13 ;s13" />
<link xtargets="s15 ;s15" />
<link xtargets="s122 ;s122" />
<link xtargets="s123 ;s123" />
<link xtargets="s124 ;s124" />
<link xtargets="s125 ;s125" />
<link xtargets="s126 ;s126" />
<link xtargets="s130 ;s130" />
<link xtargets="s145 ;s145" />
<link xtargets="s155 ;s155" />
<link xtargets="s170 ;s170" />
<link xtargets="s174 ;s174" />
<link xtargets="s199 ;s199" />
<link xtargets="s201 ;s201" />
<link xtargets="s202 ;s202" />
<link xtargets="s203 ;s203" />
<link xtargets="s204 ;s204" />
<link xtargets="s205 ;s205" />
<link xtargets="s206 ;s206" />
<link xtargets="s207 ;s207" />
<link xtargets="s208 ;s208" />
<link xtargets="s209 ;s209" />
<link xtargets="s210 ;s210" />
<link xtargets="s220 ;s220" />
<link xtargets="s224 ;s224" />
<link xtargets="s226 ;s226" />
<link xtargets="s228 ;s228" />
<link xtargets="s230 ;s230" />
<link xtargets="s232 ;s232" />
<link xtargets="s234 ;s234" />
<link xtargets="s236 ;s236" />
<link xtargets="s238 ;s238" />
<link xtargets="s240 ;s240" />
<link xtargets="s242 ;s242" />
<link xtargets="s244 ;s244" />
<link xtargets="s246 ;s246" />
<link xtargets="s248 ;s248" />
<link xtargets="s250 ;s250" />
<link xtargets="s252 ;s252" />
<link xtargets="s254 ;s254" />
<link xtargets="s256 ;s256" />
<link xtargets="s258 ;s258" />
<link xtargets="s260 ;s260" />
<link xtargets="s262 ;s262" />
<link xtargets="s265 ;s265" />
<link xtargets="s267 ;s267" />
<link xtargets="s269 ;s269" />
<link xtargets="s271 ;s271" />
<link xtargets="s273 ;s273" />
<link xtargets="s275 ;s275" />
<link xtargets="s277 ;s277" />
<link xtargets="s279 ;s279" />
<link xtargets="s281 ;s281" />
<link xtargets="s283 ;s283" />
<link xtargets="s285 ;s285" />
<link xtargets="s287 ;s287" />
<link xtargets="s289 ;s289" />
<link xtargets="s291 ;s291" />
<link xtargets="s293 ;s293" />
<link xtargets="s295 ;s295" />
<link xtargets="s297 ;s297" />
<link xtargets="s299 ;s299" />
<link xtargets="s301 ;s301" />
<link xtargets="s303 ;s303" />
<link xtargets="s305 ;s305" />
<link xtargets="s353 ;s353" />
<link xtargets="s376 ;s376" />
<link xtargets="s388 ;s388" />
<link xtargets="s390 ;s390" />
<link xtargets="s392 ;s392" />
<link xtargets="s411 ;s411" />
<link xtargets="s412 ;s412" />
<link xtargets="s413 ;s413" />
<link xtargets="s414 ;s414" />
<link xtargets="s427 ;s427" />
<link xtargets="s661 ;s661" />
<link xtargets="s663 ;s663" />
</linkGrp>
<linkGrp targType="s" fromDoc="en/coreutils.xml.gz" toDoc="my/coreutils.xml.gz">
<link xtargets="s55 ;s55" />
<link xtargets="s79 ;s79" />
<link xtargets="s80 ;s80" />
<link xtargets="s131 ;s131" />
<link xtargets="s143 ;s143" />
<link xtargets="s481 ;s481" />
<link xtargets="s531 ;s531" />
<link xtargets="s1073 ;s1073" />
<link xtargets="s1100 ;s1100" />
</linkGrp>
<linkGrp targType="s" fromDoc="en/cracklib.xml.gz" toDoc="my/cracklib.xml.gz">
<link xtargets="s1 ;s1" />
<link xtargets="s2 ;s2" />
<link xtargets="s3 ;s3" />
<link xtargets="s4 ;s4" />
<link xtargets="s5 ;s5" />
<link xtargets="s6 ;s6" />
<link xtargets="s7 ;s7" />
<link xtargets="s8 ;s8" />
<link xtargets="s9 ;s9" />
<link xtargets="s10 ;s10" />
<link xtargets="s11 ;s11" />
<link xtargets="s14 ;s14" />
<link xtargets="s15 ;s15" />
<link xtargets="s16 ;s16" />
</linkGrp>
<linkGrp targType="s" fromDoc="en/credentials-control-center.xml.gz" toDoc="my/credentials-control-center.xml.gz">
<link xtargets="s1 ;s1" />
<link xtargets="s6 ;s6" />
<link xtargets="s9 ;s9" />
<link xtargets="s11 ;s11" />
<link xtargets="s14 ;s14" />
<link xtargets="s19 ;s19" />
<link xtargets="s21 ;s21" />
<link xtargets="s22 ;s22" />
</linkGrp>
<linkGrp targType="s" fromDoc="en/cups-pk-helper.xml.gz" toDoc="my/cups-pk-helper.xml.gz">
<link xtargets="s1 ;s1" />
<link xtargets="s2 ;s2" />
<link xtargets="s3 ;s3" />
<link xtargets="s4 ;s4" />
<link xtargets="s5 ;s5" />
<link xtargets="s6 ;s6" />
<link xtargets="s7 ;s7" />
<link xtargets="s8 ;s8" />
<link xtargets="s9 ;s9" />
<link xtargets="s10 ;s10" />
<link xtargets="s11 ;s11" />
<link xtargets="s12 ;s12" />
<link xtargets="s13 ;s13" />
<link xtargets="s14 ;s14" />
<link xtargets="s15 ;s15" />
<link xtargets="s16 ;s16" />
<link xtargets="s17 ;s17" />
<link xtargets="s18 ;s18" />
<link xtargets="s19 ;s19" />
<link xtargets="s20 ;s20" />
<link xtargets="s21 ;s21" />
<link xtargets="s22 ;s22" />
</linkGrp>
<linkGrp targType="s" fromDoc="en/cwidget.xml.gz" toDoc="my/cwidget.xml.gz">
<link xtargets="s1 ;s1" />
<link xtargets="s2 ;s2" />
<link xtargets="s3 ;s3" />
<link xtargets="s4 ;s4" />
<link xtargets="s5 ;s5" />
<link xtargets="s6 ;s6" />
<link xtargets="s7 ;s7" />
<link xtargets="s8 ;s8" />
<link xtargets="s9 ;s9" />
<link xtargets="s10 ;s10" />
<link xtargets="s11 ;s11" />
<link xtargets="s12 ;s12" />
<link xtargets="s13 ;s13" />
<link xtargets="s14 ;s14" />
</linkGrp>
<linkGrp targType="s" fromDoc="en/dconf.xml.gz" toDoc="my/dconf.xml.gz">
<link xtargets="s1 ;s1" />
<link xtargets="s2 ;s2" />
<link xtargets="s3 ;s3" />
<link xtargets="s4 ;s4" />
<link xtargets="s5 ;s5" />
<link xtargets="s6 ;s6" />
<link xtargets="s7 ;s7" />
<link xtargets="s8 ;s8" />
<link xtargets="s9 ;s9" />
<link xtargets="s11 ;s11" />
<link xtargets="s12 ;s12" />
<link xtargets="s13 ;s13" />
<link xtargets="s14 ;s14" />
<link xtargets="s15 ;s15" />
<link xtargets="s16 ;s16" />
<link xtargets="s17 ;s17" />
<link xtargets="s18 ;s18" />
<link xtargets="s19 ;s19" />
<link xtargets="s20 ;s20" />
<link xtargets="s21 ;s21" />
<link xtargets="s22 ;s22" />
<link xtargets="s24 ;s24" />
<link xtargets="s25 ;s25" />
<link xtargets="s26 ;s26" />
<link xtargets="s27 ;s27" />
<link xtargets="s28 ;s28" />
<link xtargets="s29 ;s29" />
<link xtargets="s30 ;s30" />
<link xtargets="s31 ;s31" />
</linkGrp>
<linkGrp targType="s" fromDoc="en/debianutils.xml.gz" toDoc="my/debianutils.xml.gz">
<link xtargets="s2 ;s2" />
<link xtargets="s3 ;s3" />
<link xtargets="s5 ;s5" />
<link xtargets="s6 ;s6" />
<link xtargets="s7 ;s7" />
<link xtargets="s11 ;s11" />
<link xtargets="s12 ;s12" />
<link xtargets="s13 ;s13" />
<link xtargets="s14 ;s14" />
<link xtargets="s21 ;s21" />
<link xtargets="s22 ;s22" />
<link xtargets="s23 ;s23" />
<link xtargets="s28 ;s28" />
<link xtargets="s30 ;s30" />
<link xtargets="s32 ;s32" />
<link xtargets="s35 ;s35" />
</linkGrp>
</cesAlign>
