<?xml version="1.0" encoding="UTF-8"?>
<!DOCTYPE cesAlign PUBLIC "-//CES//DTD XML cesAlign//EN" "http://www.xces.org/dtd/xcesAlign.dtd">

<cesAlign version="1.0">
 <linkGrp targType="s" fromDoc="en/GoURMET-crawled.en-my.en-my.xml.gz" toDoc="my/GoURMET-crawled.en-my.en-my.xml.gz">
  <link xtargets="1;1" />
  <link xtargets="2;2" />
  <link xtargets="3;3" />
  <link xtargets="4;4" />
  <link xtargets="5;5" />
  <link xtargets="6.1 6.2;6" />
  <link xtargets="7;7" />
  <link xtargets="8;8" />
  <link xtargets="9;9" />
  <link xtargets="10;10" />
  <link xtargets="11;11" />
  <link xtargets="12;12" />
  <link xtargets="13;13" />
  <link xtargets="14;14" />
  <link xtargets="15;15" />
  <link xtargets="16;16" />
  <link xtargets="17;17" />
  <link xtargets="18;18" />
  <link xtargets="19;19" />
  <link xtargets="20;20" />
  <link xtargets="21;21" />
  <link xtargets="22;22" />
  <link xtargets="23;23" />
  <link xtargets="24;24" />
  <link xtargets="25;25" />
  <link xtargets="26;26" />
  <link xtargets="27;27" />
  <link xtargets="28.1 28.2;28" />
  <link xtargets="29;29" />
  <link xtargets="30;30" />
  <link xtargets="31;31" />
  <link xtargets="32;32" />
  <link xtargets="33;33" />
  <link xtargets="34;34" />
  <link xtargets="35;35" />
  <link xtargets="36;36" />
  <link xtargets="37;37" />
  <link xtargets="38;38" />
  <link xtargets="39;39" />
  <link xtargets="40;40" />
  <link xtargets="41;41" />
  <link xtargets="42;42" />
  <link xtargets="43;43" />
  <link xtargets="44;44" />
  <link xtargets="45;45" />
  <link xtargets="46;46" />
  <link xtargets="47.1 47.2;47" />
  <link xtargets="48;48" />
  <link xtargets="49;49" />
  <link xtargets="50;50" />
  <link xtargets="51;51" />
  <link xtargets="52;52" />
  <link xtargets="53;53" />
  <link xtargets="54;54" />
  <link xtargets="55;55" />
  <link xtargets="56;56" />
  <link xtargets="57;57" />
  <link xtargets="58;58" />
  <link xtargets="59;59" />
  <link xtargets="60;60" />
  <link xtargets="61;61" />
  <link xtargets="62;62" />
  <link xtargets="63;63" />
  <link xtargets="64;64" />
  <link xtargets="65;65" />
  <link xtargets="66;66" />
  <link xtargets="67;67" />
  <link xtargets="68;68" />
  <link xtargets="69;69" />
  <link xtargets="70;70" />
  <link xtargets="71;71" />
  <link xtargets="72;72" />
  <link xtargets="73;73" />
  <link xtargets="74.1 74.2;74" />
  <link xtargets="75;75" />
  <link xtargets="76;76" />
  <link xtargets="77;77" />
  <link xtargets="78;78" />
  <link xtargets="79;79" />
  <link xtargets="80;80" />
  <link xtargets="81;81" />
  <link xtargets="82;82" />
  <link xtargets="83;83" />
  <link xtargets="84;84" />
  <link xtargets="85;85" />
  <link xtargets="86;86" />
  <link xtargets="87;87" />
  <link xtargets="88;88" />
  <link xtargets="89;89" />
  <link xtargets="90;90" />
  <link xtargets="91.1 91.2;91" />
  <link xtargets="92;92" />
  <link xtargets="93;93" />
  <link xtargets="94;94" />
  <link xtargets="95;95" />
  <link xtargets="96;96" />
  <link xtargets="97;97" />
  <link xtargets="98;98" />
  <link xtargets="99;99.1 99.2" />
  <link xtargets="100;100" />
  <link xtargets="101.1 101.2;101" />
  <link xtargets="102.1 102.2;102" />
  <link xtargets="103;103" />
  <link xtargets="104;104" />
  <link xtargets="105;105" />
  <link xtargets="106.1 106.2;106" />
  <link xtargets="107;107" />
  <link xtargets="108;108" />
  <link xtargets="109;109" />
  <link xtargets="110;110" />
  <link xtargets="111;111" />
  <link xtargets="112;112" />
  <link xtargets="113;113" />
  <link xtargets="114;114" />
  <link xtargets="115;115" />
  <link xtargets="116;116" />
  <link xtargets="117;117" />
  <link xtargets="118;118" />
  <link xtargets="119;119" />
  <link xtargets="120;120" />
  <link xtargets="121;121" />
  <link xtargets="122;122" />
  <link xtargets="123.1 123.2;123" />
  <link xtargets="124;124" />
  <link xtargets="125;125" />
  <link xtargets="126;126" />
  <link xtargets="127;127" />
  <link xtargets="128;128" />
  <link xtargets="129;129" />
  <link xtargets="130;130" />
  <link xtargets="131;131" />
  <link xtargets="132.1 132.2;132" />
  <link xtargets="133.1 133.2;133" />
  <link xtargets="134;134" />
  <link xtargets="135;135" />
  <link xtargets="136;136" />
  <link xtargets="137;137" />
  <link xtargets="138;138" />
  <link xtargets="139;139" />
  <link xtargets="140;140" />
  <link xtargets="141;141" />
  <link xtargets="142;142" />
  <link xtargets="143;143" />
  <link xtargets="144;144" />
  <link xtargets="145;145" />
  <link xtargets="146;146" />
  <link xtargets="147;147" />
  <link xtargets="148;148" />
  <link xtargets="149;149" />
  <link xtargets="150;150" />
  <link xtargets="151;151" />
  <link xtargets="152;152" />
  <link xtargets="153;153" />
  <link xtargets="154.1 154.2;154" />
  <link xtargets="155;155" />
  <link xtargets="156;156" />
  <link xtargets="157;157" />
  <link xtargets="158;158" />
  <link xtargets="159;159" />
  <link xtargets="160;160" />
  <link xtargets="161;161" />
  <link xtargets="162;162" />
  <link xtargets="163;163" />
  <link xtargets="164;164" />
  <link xtargets="165;165" />
  <link xtargets="166;166" />
  <link xtargets="167;167" />
  <link xtargets="168;168" />
  <link xtargets="169;169" />
  <link xtargets="170;170" />
  <link xtargets="171;171" />
  <link xtargets="172;172" />
  <link xtargets="173;173" />
  <link xtargets="174;174" />
  <link xtargets="175;175" />
  <link xtargets="176;176" />
  <link xtargets="177;177" />
  <link xtargets="178;178" />
  <link xtargets="179;179" />
  <link xtargets="180;180" />
  <link xtargets="181;181" />
  <link xtargets="182.1 182.2;182" />
  <link xtargets="183;183" />
  <link xtargets="184.1 184.2;184" />
  <link xtargets="185;185" />
  <link xtargets="186;186" />
  <link xtargets="187;187" />
  <link xtargets="188;188" />
  <link xtargets="189;189" />
  <link xtargets="190;190" />
  <link xtargets="191;191" />
  <link xtargets="192;192" />
  <link xtargets="193;193" />
  <link xtargets="194;194" />
  <link xtargets="195;195" />
  <link xtargets="196;196" />
  <link xtargets="197;197" />
  <link xtargets="198;198" />
  <link xtargets="199;199" />
  <link xtargets="200;200" />
  <link xtargets="201;201" />
  <link xtargets="202.1 202.2;202" />
  <link xtargets="203;203" />
  <link xtargets="204;204" />
  <link xtargets="205;205" />
  <link xtargets="206;206" />
  <link xtargets="207;207" />
  <link xtargets="208;208" />
  <link xtargets="209;209" />
  <link xtargets="210;210" />
  <link xtargets="211;211" />
  <link xtargets="212;212" />
  <link xtargets="213.1 213.2;213" />
  <link xtargets="214;214" />
  <link xtargets="215;215" />
  <link xtargets="216;216" />
  <link xtargets="217;217" />
  <link xtargets="218;218" />
  <link xtargets="219;219" />
  <link xtargets="220;220" />
  <link xtargets="221;221" />
  <link xtargets="222;222" />
  <link xtargets="223;223" />
  <link xtargets="224;224" />
  <link xtargets="225;225" />
  <link xtargets="226;226" />
  <link xtargets="227;227" />
  <link xtargets="228;228" />
  <link xtargets="229;229" />
  <link xtargets="230;230" />
  <link xtargets="231;231" />
  <link xtargets="232;232" />
  <link xtargets="233;233" />
  <link xtargets="234;234" />
  <link xtargets="235;235" />
  <link xtargets="236;236" />
  <link xtargets="237;237" />
  <link xtargets="238;238" />
  <link xtargets="239.1 239.2;239" />
  <link xtargets="240;240" />
  <link xtargets="241;241" />
  <link xtargets="242;242" />
  <link xtargets="243;243" />
  <link xtargets="244;244" />
  <link xtargets="245;245" />
  <link xtargets="246;246" />
  <link xtargets="247.1 247.2;247" />
  <link xtargets="248;248" />
  <link xtargets="249;249" />
  <link xtargets="250;250" />
  <link xtargets="251;251" />
  <link xtargets="252;252" />
  <link xtargets="253;253" />
  <link xtargets="254;254" />
  <link xtargets="255.1 255.2;255" />
  <link xtargets="256;256" />
  <link xtargets="257;257" />
  <link xtargets="258;258" />
  <link xtargets="259;259" />
  <link xtargets="260;260" />
  <link xtargets="261;261" />
  <link xtargets="262;262" />
  <link xtargets="263;263" />
  <link xtargets="264;264" />
  <link xtargets="265;265" />
  <link xtargets="266;266" />
  <link xtargets="267;267" />
  <link xtargets="268;268" />
  <link xtargets="269;269" />
  <link xtargets="270;270" />
  <link xtargets="271;271" />
  <link xtargets="272;272" />
  <link xtargets="273;273" />
  <link xtargets="274;274" />
  <link xtargets="275;275" />
  <link xtargets="276.1 276.2;276" />
  <link xtargets="277.1 277.2;277" />
  <link xtargets="278;278" />
  <link xtargets="279;279" />
  <link xtargets="280;280" />
  <link xtargets="281;281" />
  <link xtargets="282;282" />
  <link xtargets="283;283" />
  <link xtargets="284;284" />
  <link xtargets="285;285" />
  <link xtargets="286;286" />
  <link xtargets="287;287" />
  <link xtargets="288;288" />
  <link xtargets="289;289" />
  <link xtargets="290;290" />
  <link xtargets="291;291" />
  <link xtargets="292;292" />
  <link xtargets="293;293" />
  <link xtargets="294;294" />
  <link xtargets="295;295" />
  <link xtargets="296;296" />
  <link xtargets="297;297" />
  <link xtargets="298;298" />
  <link xtargets="299;299" />
  <link xtargets="300;300" />
  <link xtargets="301;301" />
  <link xtargets="302;302" />
  <link xtargets="303.1 303.2;303" />
  <link xtargets="304;304" />
  <link xtargets="305;305" />
  <link xtargets="306;306" />
  <link xtargets="307;307" />
  <link xtargets="308;308" />
  <link xtargets="309;309" />
  <link xtargets="310;310" />
  <link xtargets="311;311" />
  <link xtargets="312;312" />
  <link xtargets="313;313" />
  <link xtargets="314;314" />
  <link xtargets="315;315" />
  <link xtargets="316;316" />
  <link xtargets="317;317" />
  <link xtargets="318;318" />
  <link xtargets="319;319" />
  <link xtargets="320;320" />
  <link xtargets="321;321" />
  <link xtargets="322;322" />
  <link xtargets="323;323" />
  <link xtargets="324.1 324.2;324" />
  <link xtargets="325;325" />
  <link xtargets="326;326" />
  <link xtargets="327.1 327.2;327" />
  <link xtargets="328;328" />
  <link xtargets="329;329" />
  <link xtargets="330;330" />
  <link xtargets="331;331" />
  <link xtargets="332;332" />
  <link xtargets="333;333" />
  <link xtargets="334;334" />
  <link xtargets="335;335" />
  <link xtargets="336;336" />
  <link xtargets="337;337" />
  <link xtargets="338;338" />
  <link xtargets="339;339" />
  <link xtargets="340;340" />
  <link xtargets="341;341" />
  <link xtargets="342;342" />
  <link xtargets="343.1 343.2;343" />
  <link xtargets="344;344" />
  <link xtargets="345;345" />
  <link xtargets="346;346" />
  <link xtargets="347;347" />
  <link xtargets="348;348" />
  <link xtargets="349;349" />
  <link xtargets="350;350" />
  <link xtargets="351;351" />
  <link xtargets="352;352" />
  <link xtargets="353;353" />
  <link xtargets="354.1 354.2;354" />
  <link xtargets="355;355" />
  <link xtargets="356;356" />
  <link xtargets="357;357" />
  <link xtargets="358;358" />
  <link xtargets="359;359" />
  <link xtargets="360;360" />
  <link xtargets="361;361" />
  <link xtargets="362;362" />
  <link xtargets="363;363" />
  <link xtargets="364;364" />
  <link xtargets="365;365" />
  <link xtargets="366;366" />
  <link xtargets="367;367" />
  <link xtargets="368;368" />
  <link xtargets="369;369" />
  <link xtargets="370;370" />
  <link xtargets="371.1 371.2;371" />
  <link xtargets="372;372" />
  <link xtargets="373;373" />
  <link xtargets="374;374" />
  <link xtargets="375.1 375.2 375.3;375" />
  <link xtargets="376;376" />
  <link xtargets="377;377" />
  <link xtargets="378;378" />
  <link xtargets="379;379" />
  <link xtargets="380;380" />
  <link xtargets="381;381" />
  <link xtargets="382.1 382.2;382" />
  <link xtargets="383.1 383.2;383" />
  <link xtargets="384;384" />
  <link xtargets="385;385" />
  <link xtargets="386;386" />
  <link xtargets="387.1 387.2;387" />
  <link xtargets="388.1 388.2;388" />
  <link xtargets="389;389" />
  <link xtargets="390;390" />
  <link xtargets="391;391" />
  <link xtargets="392;392" />
  <link xtargets="393;393" />
  <link xtargets="394;394" />
  <link xtargets="395;395" />
  <link xtargets="396;396" />
  <link xtargets="397;397" />
  <link xtargets="398;398" />
  <link xtargets="399;399" />
  <link xtargets="400;400" />
  <link xtargets="401;401" />
  <link xtargets="402;402" />
  <link xtargets="403;403" />
  <link xtargets="404;404" />
  <link xtargets="405;405" />
  <link xtargets="406;406" />
  <link xtargets="407;407" />
  <link xtargets="408;408" />
  <link xtargets="409;409" />
  <link xtargets="410;410" />
  <link xtargets="411.1 411.2;411" />
  <link xtargets="412.1 412.2;412" />
  <link xtargets="413;413" />
  <link xtargets="414;414" />
  <link xtargets="415;415" />
  <link xtargets="416;416" />
  <link xtargets="417;417" />
  <link xtargets="418;418" />
  <link xtargets="419;419" />
  <link xtargets="420;420" />
  <link xtargets="421;421" />
  <link xtargets="422;422" />
  <link xtargets="423;423" />
  <link xtargets="424;424" />
  <link xtargets="425;425" />
  <link xtargets="426;426" />
  <link xtargets="427;427" />
  <link xtargets="428;428" />
  <link xtargets="429;429" />
  <link xtargets="430;430" />
  <link xtargets="431;431" />
  <link xtargets="432;432" />
  <link xtargets="433;433" />
  <link xtargets="434;434" />
  <link xtargets="435;435" />
  <link xtargets="436;436" />
  <link xtargets="437;437" />
  <link xtargets="438;438" />
  <link xtargets="439;439" />
  <link xtargets="440;440" />
  <link xtargets="441;441" />
  <link xtargets="442;442" />
  <link xtargets="443;443" />
  <link xtargets="444;444" />
  <link xtargets="445;445" />
  <link xtargets="446;446" />
  <link xtargets="447;447" />
  <link xtargets="448;448" />
  <link xtargets="449;449" />
  <link xtargets="450;450" />
  <link xtargets="451;451" />
  <link xtargets="452;452" />
  <link xtargets="453;453" />
  <link xtargets="454;454" />
  <link xtargets="455;455" />
  <link xtargets="456;456" />
  <link xtargets="457;457" />
  <link xtargets="458;458" />
  <link xtargets="459.1 459.2;459" />
  <link xtargets="460;460" />
  <link xtargets="461;461" />
  <link xtargets="462;462" />
  <link xtargets="463;463" />
  <link xtargets="464;464" />
  <link xtargets="465;465" />
  <link xtargets="466;466" />
  <link xtargets="467;467" />
  <link xtargets="468.1 468.2;468" />
  <link xtargets="469;469" />
  <link xtargets="470;470" />
  <link xtargets="471;471" />
  <link xtargets="472;472" />
  <link xtargets="473;473.1 473.2" />
  <link xtargets="474.1 474.2;474" />
  <link xtargets="475;475" />
  <link xtargets="476;476" />
  <link xtargets="477;477" />
  <link xtargets="478;478" />
  <link xtargets="479.1 479.2;479" />
  <link xtargets="480;480" />
  <link xtargets="481.1 481.2;481" />
  <link xtargets="482;482" />
  <link xtargets="483;483" />
  <link xtargets="484;484" />
  <link xtargets="485;485" />
  <link xtargets="486;486" />
  <link xtargets="487;487" />
  <link xtargets="488;488" />
  <link xtargets="489;489" />
  <link xtargets="490;490" />
  <link xtargets="491;491" />
  <link xtargets="492;492" />
  <link xtargets="493;493" />
  <link xtargets="494;494" />
  <link xtargets="495;495" />
  <link xtargets="496;496" />
  <link xtargets="497;497" />
  <link xtargets="498;498" />
  <link xtargets="499;499" />
  <link xtargets="500;500" />
  <link xtargets="501;501" />
  <link xtargets="502;502" />
  <link xtargets="503.1 503.2;503" />
  <link xtargets="504;504" />
  <link xtargets="505;505" />
  <link xtargets="506;506" />
  <link xtargets="507;507" />
  <link xtargets="508.1 508.2;508" />
  <link xtargets="509;509" />
  <link xtargets="510;510" />
  <link xtargets="511;511" />
  <link xtargets="512;512" />
  <link xtargets="513;513" />
  <link xtargets="514;514" />
  <link xtargets="515;515" />
  <link xtargets="516;516" />
  <link xtargets="517;517" />
  <link xtargets="518;518" />
  <link xtargets="519;519" />
  <link xtargets="520;520" />
  <link xtargets="521.1 521.2;521" />
  <link xtargets="522;522" />
  <link xtargets="523.1 523.2;523" />
  <link xtargets="524;524" />
  <link xtargets="525;525" />
  <link xtargets="526;526" />
  <link xtargets="527;527" />
  <link xtargets="528;528" />
  <link xtargets="529;529" />
  <link xtargets="530.1 530.2;530" />
  <link xtargets="531;531" />
  <link xtargets="532;532" />
  <link xtargets="533.1 533.2;533" />
  <link xtargets="534;534" />
  <link xtargets="535;535" />
  <link xtargets="536;536" />
  <link xtargets="537;537" />
  <link xtargets="538;538" />
  <link xtargets="539;539" />
  <link xtargets="540;540" />
  <link xtargets="541;541" />
  <link xtargets="542;542" />
  <link xtargets="543.1 543.2;543" />
  <link xtargets="544;544" />
  <link xtargets="545;545" />
  <link xtargets="546;546" />
  <link xtargets="547;547" />
  <link xtargets="548;548" />
  <link xtargets="549;549" />
  <link xtargets="550;550" />
  <link xtargets="551;551" />
  <link xtargets="552;552" />
  <link xtargets="553;553" />
  <link xtargets="554;554" />
  <link xtargets="555;555" />
  <link xtargets="556;556" />
  <link xtargets="557;557" />
  <link xtargets="558;558" />
  <link xtargets="559;559" />
  <link xtargets="560;560" />
  <link xtargets="561;561" />
  <link xtargets="562;562" />
  <link xtargets="563;563" />
  <link xtargets="564;564" />
  <link xtargets="565;565" />
  <link xtargets="566;566" />
  <link xtargets="567;567" />
  <link xtargets="568;568" />
  <link xtargets="569;569" />
  <link xtargets="570;570" />
  <link xtargets="571;571" />
  <link xtargets="572;572" />
  <link xtargets="573.1 573.2;573" />
  <link xtargets="574;574" />
  <link xtargets="575;575" />
  <link xtargets="576;576" />
  <link xtargets="577;577" />
  <link xtargets="578;578" />
  <link xtargets="579;579" />
  <link xtargets="580;580" />
  <link xtargets="581;581" />
  <link xtargets="582;582" />
  <link xtargets="583;583" />
  <link xtargets="584;584" />
  <link xtargets="585;585" />
  <link xtargets="586;586" />
  <link xtargets="587;587" />
  <link xtargets="588;588" />
  <link xtargets="589.1 589.2;589" />
  <link xtargets="590;590" />
  <link xtargets="591;591" />
  <link xtargets="592;592" />
  <link xtargets="593;593" />
  <link xtargets="594;594" />
  <link xtargets="595;595" />
  <link xtargets="596;596" />
  <link xtargets="597;597" />
  <link xtargets="598;598" />
  <link xtargets="599;599" />
  <link xtargets="600;600" />
  <link xtargets="601;601" />
  <link xtargets="602;602" />
  <link xtargets="603;603" />
  <link xtargets="604;604" />
  <link xtargets="605;605" />
  <link xtargets="606;606" />
  <link xtargets="607;607" />
  <link xtargets="608;608" />
  <link xtargets="609;609" />
  <link xtargets="610;610" />
  <link xtargets="611;611" />
  <link xtargets="612;612" />
  <link xtargets="613;613" />
  <link xtargets="614;614" />
  <link xtargets="615;615" />
  <link xtargets="616;616" />
  <link xtargets="617;617" />
  <link xtargets="618;618" />
  <link xtargets="619;619" />
  <link xtargets="620;620" />
  <link xtargets="621;621" />
  <link xtargets="622;622" />
  <link xtargets="623;623" />
  <link xtargets="624;624" />
  <link xtargets="625;625" />
  <link xtargets="626;626" />
  <link xtargets="627;627" />
  <link xtargets="628;628" />
  <link xtargets="629;629" />
  <link xtargets="630;630" />
  <link xtargets="631;631" />
  <link xtargets="632;632" />
  <link xtargets="633;633" />
  <link xtargets="634;634" />
  <link xtargets="635;635" />
  <link xtargets="636;636" />
  <link xtargets="637;637" />
  <link xtargets="638;638" />
  <link xtargets="639;639" />
  <link xtargets="640;640" />
  <link xtargets="641;641" />
  <link xtargets="642;642" />
  <link xtargets="643;643" />
  <link xtargets="644;644" />
  <link xtargets="645;645" />
  <link xtargets="646;646" />
  <link xtargets="647;647" />
  <link xtargets="648;648" />
  <link xtargets="649;649" />
  <link xtargets="650;650" />
  <link xtargets="651;651" />
  <link xtargets="652.1 652.2;652" />
  <link xtargets="653;653" />
  <link xtargets="654;654" />
  <link xtargets="655;655" />
  <link xtargets="656.1 656.2;656" />
  <link xtargets="657;657" />
  <link xtargets="658;658" />
  <link xtargets="659;659" />
  <link xtargets="660;660" />
  <link xtargets="661;661" />
  <link xtargets="662;662" />
  <link xtargets="663;663" />
  <link xtargets="664;664" />
  <link xtargets="665;665" />
  <link xtargets="666;666" />
  <link xtargets="667;667" />
  <link xtargets="668;668" />
  <link xtargets="669;669" />
  <link xtargets="670;670" />
  <link xtargets="671;671" />
  <link xtargets="672;672" />
  <link xtargets="673;673" />
  <link xtargets="674;674" />
  <link xtargets="675.1 675.2;675" />
  <link xtargets="676;676" />
  <link xtargets="677;677" />
  <link xtargets="678;678" />
  <link xtargets="679;679" />
  <link xtargets="680;680" />
  <link xtargets="681.1 681.2;681" />
  <link xtargets="682;682" />
  <link xtargets="683;683" />
  <link xtargets="684;684" />
  <link xtargets="685;685" />
  <link xtargets="686;686" />
  <link xtargets="687;687" />
  <link xtargets="688;688" />
  <link xtargets="689;689" />
  <link xtargets="690;690" />
  <link xtargets="691;691" />
  <link xtargets="692;692" />
  <link xtargets="693;693" />
  <link xtargets="694;694" />
  <link xtargets="695;695" />
  <link xtargets="696;696" />
  <link xtargets="697;697" />
  <link xtargets="698;698" />
  <link xtargets="699;699" />
  <link xtargets="700;700" />
  <link xtargets="701;701" />
  <link xtargets="702;702" />
  <link xtargets="703;703" />
  <link xtargets="704;704" />
  <link xtargets="705;705" />
  <link xtargets="706;706" />
  <link xtargets="707;707" />
  <link xtargets="708;708" />
  <link xtargets="709;709" />
  <link xtargets="710;710" />
  <link xtargets="711;711" />
  <link xtargets="712;712" />
  <link xtargets="713;713" />
  <link xtargets="714;714" />
  <link xtargets="715;715" />
  <link xtargets="716;716" />
  <link xtargets="717;717" />
  <link xtargets="718;718" />
  <link xtargets="719;719" />
  <link xtargets="720;720" />
  <link xtargets="721;721" />
  <link xtargets="722;722" />
  <link xtargets="723;723" />
  <link xtargets="724;724" />
  <link xtargets="725;725" />
  <link xtargets="726;726" />
  <link xtargets="727;727" />
  <link xtargets="728.1 728.2;728" />
  <link xtargets="729.1 729.2 729.3;729" />
  <link xtargets="730;730" />
  <link xtargets="731;731" />
  <link xtargets="732;732" />
  <link xtargets="733;733" />
  <link xtargets="734;734" />
  <link xtargets="735;735" />
  <link xtargets="736;736" />
  <link xtargets="737;737" />
  <link xtargets="738;738" />
  <link xtargets="739;739" />
  <link xtargets="740;740" />
  <link xtargets="741;741" />
  <link xtargets="742;742" />
  <link xtargets="743;743" />
  <link xtargets="744;744" />
  <link xtargets="745.1 745.2;745" />
  <link xtargets="746;746" />
  <link xtargets="747.1 747.2;747" />
  <link xtargets="748;748" />
  <link xtargets="749;749" />
  <link xtargets="750;750" />
  <link xtargets="751;751" />
  <link xtargets="752;752" />
  <link xtargets="753;753" />
  <link xtargets="754;754" />
  <link xtargets="755;755" />
  <link xtargets="756;756" />
  <link xtargets="757;757" />
  <link xtargets="758;758" />
  <link xtargets="759;759" />
  <link xtargets="760;760" />
  <link xtargets="761;761" />
  <link xtargets="762;762" />
  <link xtargets="763;763" />
  <link xtargets="764;764" />
  <link xtargets="765;765" />
  <link xtargets="766;766" />
  <link xtargets="767;767" />
  <link xtargets="768.1 768.2;768" />
  <link xtargets="769;769" />
  <link xtargets="770;770" />
  <link xtargets="771;771" />
  <link xtargets="772;772" />
  <link xtargets="773;773" />
  <link xtargets="774;774" />
  <link xtargets="775;775" />
  <link xtargets="776;776" />
  <link xtargets="777;777" />
  <link xtargets="778;778" />
  <link xtargets="779;779" />
  <link xtargets="780;780" />
  <link xtargets="781;781" />
  <link xtargets="782;782" />
  <link xtargets="783;783" />
  <link xtargets="784;784" />
  <link xtargets="785;785" />
  <link xtargets="786;786" />
  <link xtargets="787;787" />
  <link xtargets="788;788" />
  <link xtargets="789;789" />
  <link xtargets="790;790" />
  <link xtargets="791;791" />
  <link xtargets="792;792" />
  <link xtargets="793;793" />
  <link xtargets="794;794" />
  <link xtargets="795;795" />
  <link xtargets="796;796" />
  <link xtargets="797;797" />
  <link xtargets="798;798" />
  <link xtargets="799;799" />
  <link xtargets="800;800" />
  <link xtargets="801;801" />
  <link xtargets="802;802" />
  <link xtargets="803;803" />
  <link xtargets="804;804" />
  <link xtargets="805;805" />
  <link xtargets="806;806" />
  <link xtargets="807;807" />
  <link xtargets="808;808" />
  <link xtargets="809;809" />
  <link xtargets="810;810" />
  <link xtargets="811;811" />
  <link xtargets="812;812" />
  <link xtargets="813;813" />
  <link xtargets="814;814" />
  <link xtargets="815;815" />
  <link xtargets="816;816" />
  <link xtargets="817;817" />
  <link xtargets="818;818" />
  <link xtargets="819;819" />
  <link xtargets="820;820" />
  <link xtargets="821.1 821.2;821" />
  <link xtargets="822;822" />
  <link xtargets="823;823" />
  <link xtargets="824;824" />
  <link xtargets="825;825" />
  <link xtargets="826;826" />
  <link xtargets="827;827" />
  <link xtargets="828;828" />
  <link xtargets="829;829" />
  <link xtargets="830;830" />
  <link xtargets="831;831" />
  <link xtargets="832;832" />
  <link xtargets="833;833" />
  <link xtargets="834;834" />
  <link xtargets="835;835" />
  <link xtargets="836;836" />
  <link xtargets="837;837" />
  <link xtargets="838;838" />
  <link xtargets="839.1 839.2;839" />
  <link xtargets="840;840" />
  <link xtargets="841;841" />
  <link xtargets="842;842" />
  <link xtargets="843;843" />
  <link xtargets="844;844" />
  <link xtargets="845;845" />
  <link xtargets="846;846" />
  <link xtargets="847;847" />
  <link xtargets="848;848" />
  <link xtargets="849;849" />
  <link xtargets="850;850" />
  <link xtargets="851.1 851.2;851" />
  <link xtargets="852;852" />
  <link xtargets="853;853" />
  <link xtargets="854;854" />
  <link xtargets="855;855" />
  <link xtargets="856;856" />
  <link xtargets="857;857" />
  <link xtargets="858;858" />
  <link xtargets="859;859" />
  <link xtargets="860;860" />
  <link xtargets="861.1 861.2;861" />
  <link xtargets="862;862" />
  <link xtargets="863;863" />
  <link xtargets="864.1 864.2;864" />
  <link xtargets="865;865" />
  <link xtargets="866;866" />
  <link xtargets="867;867" />
  <link xtargets="868;868" />
  <link xtargets="869;869" />
  <link xtargets="870;870" />
  <link xtargets="871;871" />
  <link xtargets="872;872" />
  <link xtargets="873;873" />
  <link xtargets="874;874" />
  <link xtargets="875;875" />
  <link xtargets="876;876" />
  <link xtargets="877.1 877.2;877" />
  <link xtargets="878;878" />
  <link xtargets="879;879" />
  <link xtargets="880;880" />
  <link xtargets="881;881" />
  <link xtargets="882;882" />
  <link xtargets="883;883" />
  <link xtargets="884;884" />
  <link xtargets="885;885" />
  <link xtargets="886;886" />
  <link xtargets="887;887" />
  <link xtargets="888;888" />
  <link xtargets="889;889" />
  <link xtargets="890;890" />
  <link xtargets="891;891" />
  <link xtargets="892;892" />
  <link xtargets="893;893" />
  <link xtargets="894;894" />
  <link xtargets="895;895" />
  <link xtargets="896;896" />
  <link xtargets="897.1 897.2;897" />
  <link xtargets="898;898" />
  <link xtargets="899;899" />
  <link xtargets="900;900" />
  <link xtargets="901;901" />
  <link xtargets="902;902" />
  <link xtargets="903;903" />
  <link xtargets="904;904" />
  <link xtargets="905;905" />
  <link xtargets="906;906" />
  <link xtargets="907;907" />
  <link xtargets="908;908" />
  <link xtargets="909;909" />
  <link xtargets="910;910" />
  <link xtargets="911;911" />
  <link xtargets="912;912" />
  <link xtargets="913;913" />
  <link xtargets="914;914" />
  <link xtargets="915;915" />
  <link xtargets="916.1 916.2;916" />
  <link xtargets="917;917" />
  <link xtargets="918;918" />
  <link xtargets="919;919" />
  <link xtargets="920;920" />
  <link xtargets="921;921" />
  <link xtargets="922;922" />
  <link xtargets="923;923" />
  <link xtargets="924;924" />
  <link xtargets="925;925" />
  <link xtargets="926;926" />
  <link xtargets="927;927" />
  <link xtargets="928;928" />
  <link xtargets="929.1 929.2;929" />
  <link xtargets="930;930" />
  <link xtargets="931;931" />
  <link xtargets="932.1 932.2;932" />
  <link xtargets="933;933" />
  <link xtargets="934.1 934.2;934" />
  <link xtargets="935;935" />
  <link xtargets="936;936" />
  <link xtargets="937.1 937.2;937" />
  <link xtargets="938.1 938.2;938" />
  <link xtargets="939;939" />
  <link xtargets="940;940" />
  <link xtargets="941;941" />
  <link xtargets="942;942" />
  <link xtargets="943;943" />
  <link xtargets="944;944" />
  <link xtargets="945;945" />
  <link xtargets="946;946" />
  <link xtargets="947;947" />
  <link xtargets="948;948" />
  <link xtargets="949;949" />
  <link xtargets="950;950" />
  <link xtargets="951;951" />
  <link xtargets="952;952" />
  <link xtargets="953;953" />
  <link xtargets="954;954" />
  <link xtargets="955;955" />
  <link xtargets="956;956" />
  <link xtargets="957;957" />
  <link xtargets="958;958" />
  <link xtargets="959.1 959.2;959" />
  <link xtargets="960;960" />
  <link xtargets="961;961" />
  <link xtargets="962;962" />
  <link xtargets="963;963" />
  <link xtargets="964;964" />
  <link xtargets="965;965" />
  <link xtargets="966.1 966.2;966" />
  <link xtargets="967;967" />
  <link xtargets="968;968" />
  <link xtargets="969;969" />
  <link xtargets="970;970" />
  <link xtargets="971;971" />
  <link xtargets="972;972" />
  <link xtargets="973.1 973.2;973" />
  <link xtargets="974;974" />
  <link xtargets="975;975" />
  <link xtargets="976;976" />
  <link xtargets="977;977" />
  <link xtargets="978;978" />
  <link xtargets="979;979" />
  <link xtargets="980;980" />
  <link xtargets="981;981" />
  <link xtargets="982;982" />
  <link xtargets="983;983" />
  <link xtargets="984;984" />
  <link xtargets="985;985" />
  <link xtargets="986;986" />
  <link xtargets="987;987" />
  <link xtargets="988;988" />
  <link xtargets="989;989" />
  <link xtargets="990;990" />
  <link xtargets="991;991" />
  <link xtargets="992;992" />
  <link xtargets="993;993" />
  <link xtargets="994;994" />
  <link xtargets="995;995" />
  <link xtargets="996;996" />
  <link xtargets="997;997" />
  <link xtargets="998;998" />
  <link xtargets="999;999" />
  <link xtargets="1000;1000" />
  <link xtargets="1001;1001" />
  <link xtargets="1002;1002" />
  <link xtargets="1003;1003" />
  <link xtargets="1004;1004" />
  <link xtargets="1005;1005" />
  <link xtargets="1006;1006" />
  <link xtargets="1007;1007" />
  <link xtargets="1008;1008" />
  <link xtargets="1009;1009" />
  <link xtargets="1010;1010" />
  <link xtargets="1011;1011" />
  <link xtargets="1012;1012" />
  <link xtargets="1013;1013" />
  <link xtargets="1014;1014" />
  <link xtargets="1015;1015" />
  <link xtargets="1016;1016" />
  <link xtargets="1017;1017" />
  <link xtargets="1018;1018" />
  <link xtargets="1019;1019" />
  <link xtargets="1020;1020" />
  <link xtargets="1021;1021" />
  <link xtargets="1022;1022" />
  <link xtargets="1023;1023" />
  <link xtargets="1024;1024" />
  <link xtargets="1025;1025" />
  <link xtargets="1026;1026" />
  <link xtargets="1027;1027" />
  <link xtargets="1028;1028" />
  <link xtargets="1029;1029" />
  <link xtargets="1030;1030" />
  <link xtargets="1031;1031" />
  <link xtargets="1032;1032" />
  <link xtargets="1033.1 1033.2;1033" />
 </linkGrp>
</cesAlign>
